tau_main,age_main,tau_burst,f_burst,age_burst,sfr_A,normalise,Av_ISM,mu,slope_ISM,slope_BC,imf,metallicity,qpah,umin,alpha,gamma,separation_age,redshift,filters
1512.4140112741686,9901.802309651954,3514.6376220119037,0.19181105989949826,13.1255185934709,1.0,True,0.8,0.5,-0.7,-0.7,1,0.004,0.47,10.0,2,0.02,10,0.8301,B_B90 & V_B90 & FUV
1500.4012029099422,4738.402823858509,100.65656196809687,0.17053736812103293,65.54959317657136,1.0,True,0.8,0.5,-0.7,-0.7,1,0.004,2.5,5.0,2,0.02,10,0.8301,B_B90 & V_B90 & FUV
2631.4014452743613,1014.6531338206496,112.25423457790566,0.1542996655151519,13.005176401989289,1.0,True,1.7,0.5,-0.7,-0.7,1,0.02,0.47,5.0,2,0.02,10,0.8301,B_B90 & V_B90 & FUV
2522.4881308728723,1031.0270519383703,4480.032998359314,0.015546614646521073,11.508138214205161,1.0,True,1.7,0.5,-0.7,-0.7,1,0.02,2.5,25.0,2,0.02,10,0.8301,B_B90 & V_B90 & FUV
1649.4325143505484,9986.145313496614,199.190696221709,0.005574886997495809,20.8274214303715,1.0,True,1.2,0.5,-0.7,-0.7,1,0.02,0.47,25.0,2,0.02,10,0.8301,B_B90 & V_B90 & FUV
1529.0007043749204,3101.430218009493,6467.196796896467,0.12710914153181074,10.023946170186917,1.0,True,1.2,0.5,-0.7,-0.7,1,0.004,0.47,25.0,2,0.02,10,0.8301,B_B90 & V_B90 & FUV
1687.0162924538845,6983.812714232152,151.47843095906683,0.02306743791567306,10.110497519666723,1.0,True,3.3,0.5,-0.7,-0.7,1,0.004,0.47,25.0,2,0.02,10,0.8301,B_B90 & V_B90 & FUV
2884.0047148098556,6805.385158607634,102.29412510302973,0.14436467011485143,99.99454376309059,1.0,True,3.3,0.5,-0.7,-0.7,1,0.004,4.58,10.0,2,0.02,10,0.8301,B_B90 & V_B90 & FUV
2979.622239100677,1088.4207315598123,4528.49885193652,0.18132731259342252,10.012885923963253,1.0,True,1.2,0.5,-0.7,-0.7,1,0.02,0.47,10.0,2,0.02,10,0.8301,B_B90 & V_B90 & FUV
1782.1744012201978,1033.9529788979617,948.8554638617643,0.1616764856273189,98.26044173915092,1.0,True,3.8,0.5,-0.7,-0.7,1,0.02,2.5,25.0,2,0.02,10,0.8301,B_B90 & V_B90 & FUV
2442.7880653476373,4780.576880077176,8441.205638954987,0.027517139637607407,73.2718848318506,1.0,True,0.8,0.5,-0.7,-0.7,1,0.02,4.58,25.0,2,0.02,10,0.8301,B_B90 & V_B90 & FUV
1872.6531327242546,5693.589157860056,7044.007675461251,0.1993130774959829,65.9970111884479,1.0,True,0.3,0.5,-0.7,-0.7,1,0.02,2.5,10.0,2,0.02,10,0.8301,B_B90 & V_B90 & FUV
2202.734950979436,2364.1162211404207,4165.950516712388,0.10693447078666574,20.49123152188281,1.0,True,0.05,0.5,-0.7,-0.7,1,0.004,0.47,25.0,2,0.02,10,0.8301,B_B90 & V_B90 & FUV
1553.142085322311,1021.8911538205812,124.2849713720534,0.19422138761744018,25.821154254293006,1.0,True,0.1,0.5,-0.7,-0.7,1,0.004,2.5,5.0,2,0.02,10,0.8301,B_B90 & V_B90 & FUV
1501.2928192286818,5610.2825482477665,104.96574958723795,0.07016617586334997,96.19359144760593,1.0,True,1.7,0.5,-0.7,-0.7,1,0.004,4.58,5.0,2,0.02,10,0.8301,B_B90 & V_B90 & FUV
1500.0733448529836,1105.0011637804073,548.0639351658556,0.06168258505455579,19.082972245707182,1.0,True,1.2,0.5,-0.7,-0.7,1,0.02,2.5,25.0,2,0.02,10,0.8301,B_B90 & V_B90 & FUV
2476.2866319447494,1174.602604636464,3645.647123908743,0.19596624484001526,74.43864709732135,1.0,True,0.05,0.5,-0.7,-0.7,1,0.02,4.58,25.0,2,0.02,10,0.8301,B_B90 & V_B90 & FUV
2989.9274178775195,4072.5157798400032,8142.686627338676,0.17897946121037933,96.44510174111218,1.0,True,0.8,0.5,-0.7,-0.7,1,0.004,0.47,5.0,2,0.02,10,0.8301,B_B90 & V_B90 & FUV
2981.326002285084,1000.1120091717003,1325.4328369709037,0.15359628501625425,66.18836347555914,1.0,True,0.05,0.5,-0.7,-0.7,1,0.004,2.5,25.0,2,0.02,10,0.8301,B_B90 & V_B90 & FUV
1710.2070502685292,2699.5359775243387,3232.7623437492184,0.06186173706477957,13.496666150971407,1.0,True,0.8,0.5,-0.7,-0.7,1,0.02,0.47,25.0,2,0.02,10,0.8301,B_B90 & V_B90 & FUV
2999.329336420659,2722.219882699358,576.3685590235709,0.14519476796051747,96.94877867897664,1.0,True,0.1,0.5,-0.7,-0.7,1,0.004,4.58,5.0,2,0.02,10,0.8301,B_B90 & V_B90 & FUV
2330.590342149822,3367.2037057430907,926.3949005071754,0.01730521948417124,10.635243297586285,1.0,True,0.8,0.5,-0.7,-0.7,1,0.004,0.47,10.0,2,0.02,10,0.8301,B_B90 & V_B90 & FUV
2220.346491863023,1675.2376011864053,2212.8299611972516,0.016682472079564636,11.599110661461722,1.0,True,3.3,0.5,-0.7,-0.7,1,0.004,4.58,10.0,2,0.02,10,0.8301,B_B90 & V_B90 & FUV
1574.4743985953232,3743.3965118510887,109.32628674106127,0.04113685038414122,51.55179877066352,1.0,True,0.1,0.5,-0.7,-0.7,1,0.02,0.47,5.0,2,0.02,10,0.8301,B_B90 & V_B90 & FUV
1870.188310734849,6742.232074731887,459.697408334614,0.06956872866128169,34.52216168867578,1.0,True,3.8,0.5,-0.7,-0.7,1,0.004,4.58,10.0,2,0.02,10,0.8301,B_B90 & V_B90 & FUV
2858.91589521659,1300.4832048976277,804.2025623989266,0.1985601783894833,12.565378333754808,1.0,True,0.8,0.5,-0.7,-0.7,1,0.004,0.47,25.0,2,0.02,10,0.8301,B_B90 & V_B90 & FUV
2234.7241839139683,8537.2070326633,377.585450934037,0.1906358231493045,98.16826828441222,1.0,True,0.05,0.5,-0.7,-0.7,1,0.004,0.47,25.0,2,0.02,10,0.8301,B_B90 & V_B90 & FUV
1826.4994822758624,7351.505066224618,912.9223935441078,0.0018548649721470967,10.280595476560208,1.0,True,1.7,0.5,-0.7,-0.7,1,0.02,0.47,5.0,2,0.02,10,0.8301,B_B90 & V_B90 & FUV
2286.1837012088426,3429.4645631351314,9888.159573881298,0.1943370316428982,10.43071822799962,1.0,True,3.3,0.5,-0.7,-0.7,1,0.004,0.47,5.0,2,0.02,10,0.8301,B_B90 & V_B90 & FUV
1512.903119574266,1000.1620587336165,6626.213924958902,0.1286303349510195,90.9333005739434,1.0,True,0.8,0.5,-0.7,-0.7,1,0.02,2.5,10.0,2,0.02,10,0.8301,B_B90 & V_B90 & FUV
1951.9779629646523,1013.6830292310533,308.80554595491594,0.17071281474062372,30.154854163406128,1.0,True,3.3,0.5,-0.7,-0.7,1,0.004,4.58,5.0,2,0.02,10,0.8301,B_B90 & V_B90 & FUV
2960.712953562278,7567.479568065092,536.3526931104734,0.0030124152502924995,28.75577981923395,1.0,True,2.3,0.5,-0.7,-0.7,1,0.02,0.47,10.0,2,0.02,10,0.8301,B_B90 & V_B90 & FUV
1500.3184666260242,1004.558473324676,150.97645809120877,0.10399923443957902,32.734096415810725,1.0,True,0.05,0.5,-0.7,-0.7,1,0.02,0.47,10.0,2,0.02,10,0.8301,B_B90 & V_B90 & FUV
2896.864583766791,4318.9546693934735,9916.30635173954,0.19085506023531615,18.378780338122695,1.0,True,3.3,0.5,-0.7,-0.7,1,0.02,2.5,25.0,2,0.02,10,0.8301,B_B90 & V_B90 & FUV
1927.806385253737,1001.0141099541961,9311.504897667039,0.00013177997805446928,19.9001826592676,1.0,True,0.05,0.5,-0.7,-0.7,1,0.004,0.47,10.0,2,0.02,10,0.8301,B_B90 & V_B90 & FUV
1579.3235826396096,1001.8619093660691,260.3154087400799,0.19999995936573664,10.00065625475753,1.0,True,0.3,0.5,-0.7,-0.7,1,0.02,0.47,10.0,2,0.02,10,0.8301,B_B90 & V_B90 & FUV
2472.256285636382,5891.492993060301,152.2343528496276,0.19245275614530324,15.547215441413059,1.0,True,3.8,0.5,-0.7,-0.7,1,0.02,4.58,25.0,2,0.02,10,0.8301,B_B90 & V_B90 & FUV
2998.7341546895077,3221.5303224317877,573.8174100044434,0.189498304592609,82.43888876446198,1.0,True,0.1,0.5,-0.7,-0.7,1,0.02,0.47,5.0,2,0.02,10,0.8301,B_B90 & V_B90 & FUV
1522.8232129143992,2912.544597852584,5998.078529294513,0.04500445529996097,80.07622647516088,1.0,True,0.0,0.5,-0.7,-0.7,1,0.02,0.47,25.0,2,0.02,10,0.8301,B_B90 & V_B90 & FUV
2995.0783786932234,9811.374043816999,1976.290236121402,0.15228841400441048,47.51540461629694,1.0,True,0.8,0.5,-0.7,-0.7,1,0.004,4.58,10.0,2,0.02,10,0.8301,B_B90 & V_B90 & FUV
1713.482437252023,9971.719215437555,373.26500033033335,0.18595761865235033,27.840843084608096,1.0,True,3.8,0.5,-0.7,-0.7,1,0.02,2.5,25.0,2,0.02,10,0.8301,B_B90 & V_B90 & FUV
1559.2424727125147,1004.6505729356486,7511.1395692765445,0.014517323421778222,13.583382361322919,1.0,True,0.8,0.5,-0.7,-0.7,1,0.004,2.5,5.0,2,0.02,10,0.8301,B_B90 & V_B90 & FUV
2164.7751003180283,1359.0380830015984,4571.88320183875,0.19613246750416757,10.372853808758933,1.0,True,0.05,0.5,-0.7,-0.7,1,0.004,4.58,25.0,2,0.02,10,0.8301,B_B90 & V_B90 & FUV
2206.0602083468957,1000.4731210988721,101.44221531303265,0.19810805552057711,10.013026185209142,1.0,True,0.8,0.5,-0.7,-0.7,1,0.02,2.5,5.0,2,0.02,10,0.8301,B_B90 & V_B90 & FUV
2118.4893281583327,1461.1817098315005,634.6075862037887,0.19396649504993813,51.53362727527538,1.0,True,3.8,0.5,-0.7,-0.7,1,0.004,2.5,5.0,2,0.02,10,0.8301,B_B90 & V_B90 & FUV
1507.7355908236407,1811.539374804226,8908.275016377678,0.01365251618229027,91.40569897124028,1.0,True,0.1,0.5,-0.7,-0.7,1,0.004,4.58,5.0,2,0.02,10,0.8301,B_B90 & V_B90 & FUV
1525.3070004922197,1002.1772408088273,7878.924225112969,0.007690608429125501,10.658319686039647,1.0,True,3.8,0.5,-0.7,-0.7,1,0.02,2.5,25.0,2,0.02,10,0.8301,B_B90 & V_B90 & FUV
1500.2717320985923,9050.987690147505,9012.703258983453,0.17876455178239856,89.84106096688937,1.0,True,0.05,0.5,-0.7,-0.7,1,0.004,2.5,10.0,2,0.02,10,0.8301,B_B90 & V_B90 & FUV
1500.000206839655,2595.441712598875,1356.9028180407786,0.0007880380298360135,62.91726737666959,1.0,True,0.05,0.5,-0.7,-0.7,1,0.02,4.58,25.0,2,0.02,10,0.8301,B_B90 & V_B90 & FUV
1645.8057786143017,9728.704866491775,3337.525621738241,0.0004636459570380169,10.108602643062468,1.0,True,0.0,0.5,-0.7,-0.7,1,0.02,2.5,25.0,2,0.02,10,0.8301,B_B90 & V_B90 & FUV
1643.1112742090158,3580.955743918017,1423.515460889621,0.054274107843795105,99.4499250977235,1.0,True,0.05,0.5,-0.7,-0.7,1,0.004,0.47,25.0,2,0.02,10,0.8301,B_B90 & V_B90 & FUV
1500.5396382089225,9724.446181153999,8513.019708108524,0.19997367833761792,12.116186083575471,1.0,True,3.8,0.5,-0.7,-0.7,1,0.02,0.47,10.0,2,0.02,10,0.8301,B_B90 & V_B90 & FUV
1500.0811335203941,9296.983968760147,5184.913648817253,0.17414485116289904,74.5114530105561,1.0,True,3.3,0.5,-0.7,-0.7,1,0.004,0.47,5.0,2,0.02,10,0.8301,B_B90 & V_B90 & FUV
2120.989832851861,3663.836276936863,158.84148892334815,0.11691509268595494,96.30057143116898,1.0,True,0.3,0.5,-0.7,-0.7,1,0.004,2.5,5.0,2,0.02,10,0.8301,B_B90 & V_B90 & FUV
1504.392396418573,1004.6871661619007,4797.663172315601,0.017127589088971024,10.234990678066382,1.0,True,0.05,0.5,-0.7,-0.7,1,0.004,0.47,25.0,2,0.02,10,0.8301,B_B90 & V_B90 & FUV
2023.5589065110967,5318.701336858005,101.4035072190818,0.12202932950646275,10.220007788360235,1.0,True,1.2,0.5,-0.7,-0.7,1,0.004,2.5,10.0,2,0.02,10,0.8301,B_B90 & V_B90 & FUV
1500.001600858195,1088.0713157730497,9334.120662956144,0.19042423914290185,80.64193168569238,1.0,True,0.05,0.5,-0.7,-0.7,1,0.004,0.47,10.0,2,0.02,10,0.8301,B_B90 & V_B90 & FUV
1646.904200104985,9965.107228935905,1655.7301042013078,0.18461812804091307,99.91562861423877,1.0,True,1.7,0.5,-0.7,-0.7,1,0.004,4.58,25.0,2,0.02,10,0.8301,B_B90 & V_B90 & FUV
2020.5457841274585,9577.102920417896,7046.856302056376,0.02419547071484779,40.92593020300338,1.0,True,3.3,0.5,-0.7,-0.7,1,0.02,0.47,25.0,2,0.02,10,0.8301,B_B90 & V_B90 & FUV
1510.9894270823652,1104.378501153471,115.20454786192568,0.004532849164950892,50.755525196188955,1.0,True,1.2,0.5,-0.7,-0.7,1,0.02,0.47,10.0,2,0.02,10,0.8301,B_B90 & V_B90 & FUV
2228.307981968491,8495.97557867139,624.5962940713143,0.10242471445465534,88.32669982992837,1.0,True,0.1,0.5,-0.7,-0.7,1,0.02,0.47,25.0,2,0.02,10,0.8301,B_B90 & V_B90 & FUV
1874.6599287966042,1067.544599676272,3580.750461676129,0.09757839466905492,17.662897173838502,1.0,True,0.3,0.5,-0.7,-0.7,1,0.02,0.47,25.0,2,0.02,10,0.8301,B_B90 & V_B90 & FUV
1612.7425514793144,1319.7986973720745,3751.6669996753344,0.1999947893693839,66.46648671052526,1.0,True,0.3,0.5,-0.7,-0.7,1,0.02,0.47,10.0,2,0.02,10,0.8301,B_B90 & V_B90 & FUV
2443.879098010978,1006.8153297759163,8428.667030027897,0.0017391544040843698,13.845869943246214,1.0,True,3.8,0.5,-0.7,-0.7,1,0.004,4.58,5.0,2,0.02,10,0.8301,B_B90 & V_B90 & FUV
1547.244613313715,6919.736384644577,7923.648041222345,0.0006843853745421291,83.5743479852217,1.0,True,3.3,0.5,-0.7,-0.7,1,0.004,0.47,25.0,2,0.02,10,0.8301,B_B90 & V_B90 & FUV
2813.687443195993,9408.113215487745,9205.266572691515,0.09550043583396994,10.088542008064323,1.0,True,1.2,0.5,-0.7,-0.7,1,0.004,4.58,10.0,2,0.02,10,0.8301,B_B90 & V_B90 & FUV
1830.7938967080067,1367.8120367067495,166.45416373817534,0.19999867045076988,21.62971111081808,1.0,True,1.7,0.5,-0.7,-0.7,1,0.004,2.5,25.0,2,0.02,10,0.8301,B_B90 & V_B90 & FUV
1666.5113525583724,9355.951532145571,242.92038035688165,0.17073512053902543,38.49875581349049,1.0,True,0.0,0.5,-0.7,-0.7,1,0.004,0.47,5.0,2,0.02,10,0.8301,B_B90 & V_B90 & FUV
1500.1367065991965,1042.6528222502966,302.3237794464949,0.05727690178384337,79.54066797481273,1.0,True,0.05,0.5,-0.7,-0.7,1,0.004,4.58,10.0,2,0.02,10,0.8301,B_B90 & V_B90 & FUV
2526.4611589289984,2380.961804949792,7808.554038346337,0.1890995966194715,66.4902195363774,1.0,True,1.2,0.5,-0.7,-0.7,1,0.004,2.5,10.0,2,0.02,10,0.8301,B_B90 & V_B90 & FUV
1500.0264485978253,1018.6759886086147,1392.5556877315357,0.19687811903665212,26.52011639849134,1.0,True,0.05,0.5,-0.7,-0.7,1,0.004,2.5,5.0,2,0.02,10,0.8301,B_B90 & V_B90 & FUV
2077.6220119384357,1000.6076591176443,101.17650084581146,0.1923504926672409,12.135054482989688,1.0,True,0.0,0.5,-0.7,-0.7,1,0.02,2.5,10.0,2,0.02,10,0.8301,B_B90 & V_B90 & FUV
2546.9508516537344,8208.98525708074,108.75063510109976,0.07295708890167565,10.000001759210349,1.0,True,0.05,0.5,-0.7,-0.7,1,0.004,4.58,10.0,2,0.02,10,0.8301,B_B90 & V_B90 & FUV
2236.8993285839774,8074.193355318086,6118.6601527204275,0.10612110786122714,90.15289607176913,1.0,True,0.05,0.5,-0.7,-0.7,1,0.004,4.58,10.0,2,0.02,10,0.8301,B_B90 & V_B90 & FUV
2394.2027371289046,8968.783378801836,5964.285066767731,0.1831625093010808,14.961848155447967,1.0,True,2.3,0.5,-0.7,-0.7,1,0.004,0.47,5.0,2,0.02,10,0.8301,B_B90 & V_B90 & FUV
2288.2718514523326,4097.73939772772,5060.896344503163,0.19953281045353194,72.33297981391756,1.0,True,3.3,0.5,-0.7,-0.7,1,0.02,2.5,25.0,2,0.02,10,0.8301,B_B90 & V_B90 & FUV
1501.5361061230699,9485.268225349171,3674.7274954224913,0.19305878897977277,16.055154413267346,1.0,True,3.3,0.5,-0.7,-0.7,1,0.004,4.58,25.0,2,0.02,10,0.8301,B_B90 & V_B90 & FUV
2619.5446648395005,2192.978174397863,118.44526574615156,0.12556016460435765,69.4835312411948,1.0,True,3.8,0.5,-0.7,-0.7,1,0.02,4.58,25.0,2,0.02,10,0.8301,B_B90 & V_B90 & FUV
1503.8331410455419,4784.506672690834,327.78194185850043,0.17176842385373228,12.584991357353758,1.0,True,3.3,0.5,-0.7,-0.7,1,0.004,4.58,5.0,2,0.02,10,0.8301,B_B90 & V_B90 & FUV
1564.4869160731166,1001.0343753886555,3665.313964281272,0.009113433104512708,12.078834175161234,1.0,True,0.8,0.5,-0.7,-0.7,1,0.004,0.47,25.0,2,0.02,10,0.8301,B_B90 & V_B90 & FUV
2159.6710304357125,8308.130886492636,9632.284502184944,0.1429047962043274,60.22807055828272,1.0,True,0.8,0.5,-0.7,-0.7,1,0.004,4.58,5.0,2,0.02,10,0.8301,B_B90 & V_B90 & FUV
1894.736353845233,6823.117308263207,253.05119825498332,0.1454865549585425,24.06692694734909,1.0,True,0.3,0.5,-0.7,-0.7,1,0.004,4.58,5.0,2,0.02,10,0.8301,B_B90 & V_B90 & FUV
2977.433909169935,2913.7853209087634,151.3277684857003,0.14676128542380848,98.66666926957001,1.0,True,0.1,0.5,-0.7,-0.7,1,0.02,0.47,25.0,2,0.02,10,0.8301,B_B90 & V_B90 & FUV
2371.970977559157,1053.9913870735672,9294.852727065461,0.19999989358998302,33.29127821833244,1.0,True,2.3,0.5,-0.7,-0.7,1,0.004,2.5,5.0,2,0.02,10,0.8301,B_B90 & V_B90 & FUV
2961.455446867888,9863.748694676364,2173.307541595891,0.0013313199959628652,64.02934910563712,1.0,True,1.7,0.5,-0.7,-0.7,1,0.004,2.5,25.0,2,0.02,10,0.8301,B_B90 & V_B90 & FUV
2986.2651412038113,9995.49925565669,1030.065561311052,0.085062584619025,37.89318363325462,1.0,True,0.05,0.5,-0.7,-0.7,1,0.02,4.58,5.0,2,0.02,10,0.8301,B_B90 & V_B90 & FUV
1525.6553009695558,1109.2548737557445,8398.201542465264,0.008371025297211981,26.410370232786576,1.0,True,2.3,0.5,-0.7,-0.7,1,0.004,2.5,5.0,2,0.02,10,0.8301,B_B90 & V_B90 & FUV
2361.326352965427,9089.692052102662,7263.381558607323,0.19650106906145515,10.077508161242974,1.0,True,0.05,0.5,-0.7,-0.7,1,0.02,0.47,5.0,2,0.02,10,0.8301,B_B90 & V_B90 & FUV
2419.8253010770973,2631.0560828093294,9967.106903521271,0.19779326601335423,73.5480767019521,1.0,True,0.8,0.5,-0.7,-0.7,1,0.02,2.5,5.0,2,0.02,10,0.8301,B_B90 & V_B90 & FUV
1500.0786029657204,4463.741239288627,3468.6602614404674,0.19900314975460215,67.33263720233079,1.0,True,3.3,0.5,-0.7,-0.7,1,0.02,0.47,5.0,2,0.02,10,0.8301,B_B90 & V_B90 & FUV
2603.061110560751,1029.65513257762,9989.424420599968,0.19986225152770212,22.652922552064695,1.0,True,0.0,0.5,-0.7,-0.7,1,0.02,2.5,25.0,2,0.02,10,0.8301,B_B90 & V_B90 & FUV
1557.2026555702437,8283.591923709722,114.96852260737978,0.13440741285234886,90.24189902553417,1.0,True,0.3,0.5,-0.7,-0.7,1,0.02,0.47,5.0,2,0.02,10,0.8301,B_B90 & V_B90 & FUV
2943.0275941187615,1974.233514870556,399.3806012598561,0.19999930514238365,66.97153625777705,1.0,True,0.0,0.5,-0.7,-0.7,1,0.004,4.58,25.0,2,0.02,10,0.8301,B_B90 & V_B90 & FUV
2985.6647525952703,3012.5818476149243,2571.0881348220455,0.16117578339434865,10.000140248052475,1.0,True,0.8,0.5,-0.7,-0.7,1,0.02,4.58,5.0,2,0.02,10,0.8301,B_B90 & V_B90 & FUV
1501.9151148003866,1681.037176253305,7676.787459509521,0.19152900392466962,10.180556193345595,1.0,True,1.7,0.5,-0.7,-0.7,1,0.02,4.58,25.0,2,0.02,10,0.8301,B_B90 & V_B90 & FUV
2951.3102918050354,1974.60007292517,100.06316179884197,0.19982366429993761,10.22791213935912,1.0,True,0.0,0.5,-0.7,-0.7,1,0.02,2.5,10.0,2,0.02,10,0.8301,B_B90 & V_B90 & FUV
1589.9389075731017,1735.885711951123,864.2528251360873,0.07460713156395618,15.319447638453553,1.0,True,1.7,0.5,-0.7,-0.7,1,0.004,2.5,25.0,2,0.02,10,0.8301,B_B90 & V_B90 & FUV
2566.235543310658,1509.5813669221043,4502.255229954328,0.1894831208741233,52.748190556524406,1.0,True,1.7,0.5,-0.7,-0.7,1,0.02,4.58,5.0,2,0.02,10,0.8301,B_B90 & V_B90 & FUV
2240.0060579071105,1000.5562151607573,116.91444598599628,0.0924306737486861,95.48047689642004,1.0,True,3.8,0.5,-0.7,-0.7,1,0.02,4.58,10.0,2,0.02,10,0.8301,B_B90 & V_B90 & FUV
2753.6632049213313,1000.9940315737749,8907.157617392173,0.03196820748633869,66.53830527118059,1.0,True,0.8,0.5,-0.7,-0.7,1,0.02,4.58,5.0,2,0.02,10,0.8301,B_B90 & V_B90 & FUV
1594.8303167945403,2216.5495478932526,1053.9068394547594,0.1960690054986803,17.140543715311324,1.0,True,0.05,0.5,-0.7,-0.7,1,0.004,2.5,5.0,2,0.02,10,0.8301,B_B90 & V_B90 & FUV
2010.8249054004718,3819.1266872735105,6579.101455633168,0.16551043761503986,85.81994577498752,1.0,True,1.7,0.5,-0.7,-0.7,1,0.004,0.47,25.0,2,0.02,10,0.8301,B_B90 & V_B90 & FUV
2311.1964624915804,1480.161050364437,9363.728010548097,0.11797695358143366,64.2650253498864,1.0,True,0.3,0.5,-0.7,-0.7,1,0.02,2.5,25.0,2,0.02,10,0.8301,B_B90 & V_B90 & FUV
1505.6560085930114,4931.050883827059,2066.6274391667885,0.0632570823917373,10.00895196087859,1.0,True,0.05,0.5,-0.7,-0.7,1,0.02,0.47,10.0,2,0.02,10,0.8301,B_B90 & V_B90 & FUV
1692.244831378944,1000.0030286658548,113.8793783286037,0.12892983427181773,99.9969096231614,1.0,True,1.7,0.5,-0.7,-0.7,1,0.02,0.47,25.0,2,0.02,10,0.8301,B_B90 & V_B90 & FUV
2686.2358784291396,1233.4567183192903,8853.707353162567,0.19995927524356222,20.051368194471195,1.0,True,0.05,0.5,-0.7,-0.7,1,0.004,0.47,10.0,2,0.02,10,0.8301,B_B90 & V_B90 & FUV
2983.269261854441,2490.330685113715,2656.0812504889873,0.199452330079125,10.002356988845648,1.0,True,0.05,0.5,-0.7,-0.7,1,0.02,0.47,10.0,2,0.02,10,0.8301,B_B90 & V_B90 & FUV
2631.9023774193515,1052.891256151417,106.14436964303604,0.1864601227125207,10.000565457077457,1.0,True,2.3,0.5,-0.7,-0.7,1,0.02,2.5,5.0,2,0.02,10,0.8301,B_B90 & V_B90 & FUV
2763.597522952728,3374.240901791757,756.4643292857654,0.19912808119784178,39.04301117868594,1.0,True,1.7,0.5,-0.7,-0.7,1,0.02,4.58,25.0,2,0.02,10,0.8301,B_B90 & V_B90 & FUV
1582.1067604873906,1709.357782947478,105.24521078684847,0.19745206701210993,42.82845373813592,1.0,True,1.2,0.5,-0.7,-0.7,1,0.004,4.58,25.0,2,0.02,10,0.8301,B_B90 & V_B90 & FUV
2494.6337398058336,7963.157484899759,3260.472449037108,0.08397335577263397,70.82518808077572,1.0,True,2.3,0.5,-0.7,-0.7,1,0.004,2.5,10.0,2,0.02,10,0.8301,B_B90 & V_B90 & FUV
2673.283546751992,1734.1879268004614,109.40222010391699,0.00820693619740201,14.980265430162405,1.0,True,0.05,0.5,-0.7,-0.7,1,0.02,4.58,25.0,2,0.02,10,0.8301,B_B90 & V_B90 & FUV
2901.1630065906256,8278.22871857966,5336.826060849132,0.16973258745104053,20.38389136236242,1.0,True,0.0,0.5,-0.7,-0.7,1,0.02,4.58,25.0,2,0.02,10,0.8301,B_B90 & V_B90 & FUV
2602.8404485643723,1563.0167955124743,7869.165371004141,0.007546089635391134,36.431435254232866,1.0,True,3.8,0.5,-0.7,-0.7,1,0.02,0.47,10.0,2,0.02,10,0.8301,B_B90 & V_B90 & FUV
1632.719582730411,2590.7506546110853,8755.17818536689,0.029522786158420466,77.64532941218869,1.0,True,1.2,0.5,-0.7,-0.7,1,0.004,2.5,10.0,2,0.02,10,0.8301,B_B90 & V_B90 & FUV
2463.1779336134236,9913.32018187543,6457.037093511299,0.1867511658842458,66.93486994725086,1.0,True,3.8,0.5,-0.7,-0.7,1,0.004,4.58,10.0,2,0.02,10,0.8301,B_B90 & V_B90 & FUV
1734.7540841174584,1798.865948573859,100.00465155220445,0.01711927597353849,10.003059595603958,1.0,True,1.2,0.5,-0.7,-0.7,1,0.004,0.47,10.0,2,0.02,10,0.8301,B_B90 & V_B90 & FUV
2820.6789146369865,4972.80677256697,496.9912947578305,0.0783649636279503,40.137733151570586,1.0,True,2.3,0.5,-0.7,-0.7,1,0.004,0.47,25.0,2,0.02,10,0.8301,B_B90 & V_B90 & FUV
1538.7291533926461,9879.179500585715,698.0690684949404,0.1934614315304839,85.65304296343939,1.0,True,0.1,0.5,-0.7,-0.7,1,0.004,0.47,10.0,2,0.02,10,0.8301,B_B90 & V_B90 & FUV
2605.823301201501,4142.329486963644,5701.510250255238,0.16440646579073165,98.30141448240502,1.0,True,3.3,0.5,-0.7,-0.7,1,0.02,2.5,25.0,2,0.02,10,0.8301,B_B90 & V_B90 & FUV
2854.9020584360906,8367.713465517698,3156.8265697180977,0.19998865474941338,10.173167808602443,1.0,True,0.3,0.5,-0.7,-0.7,1,0.004,4.58,5.0,2,0.02,10,0.8301,B_B90 & V_B90 & FUV
2486.5877362121128,2486.5538743877914,6472.736295316638,0.17383721584766335,23.097547160989407,1.0,True,3.3,0.5,-0.7,-0.7,1,0.02,2.5,10.0,2,0.02,10,0.8301,B_B90 & V_B90 & FUV
2996.6365576500684,4455.310555632544,9999.880057956925,0.0935884279332213,15.819593395821926,1.0,True,0.1,0.5,-0.7,-0.7,1,0.02,2.5,10.0,2,0.02,10,0.8301,B_B90 & V_B90 & FUV
2600.8197756615664,1000.0009678665847,2227.0440181206022,0.019595597882791,60.24634420944357,1.0,True,1.2,0.5,-0.7,-0.7,1,0.02,4.58,5.0,2,0.02,10,0.8301,B_B90 & V_B90 & FUV
2186.273348389528,1077.6666325055976,118.24819505939195,0.190742034757599,78.2819841392329,1.0,True,2.3,0.5,-0.7,-0.7,1,0.004,2.5,5.0,2,0.02,10,0.8301,B_B90 & V_B90 & FUV
1580.484544316709,1030.3519039615767,9946.021582193267,0.19744877084673967,99.27247243936064,1.0,True,2.3,0.5,-0.7,-0.7,1,0.004,2.5,25.0,2,0.02,10,0.8301,B_B90 & V_B90 & FUV
1513.605974380943,1384.142051198769,9997.170177244558,0.0004441895325687506,99.48670018338,1.0,True,2.3,0.5,-0.7,-0.7,1,0.02,0.47,10.0,2,0.02,10,0.8301,B_B90 & V_B90 & FUV
2570.748473985,9908.183483983703,3349.1318555786793,0.0021264952388569125,13.158888087567107,1.0,True,3.8,0.5,-0.7,-0.7,1,0.02,4.58,5.0,2,0.02,10,0.8301,B_B90 & V_B90 & FUV
1865.0716225430206,4251.782001761206,8346.346103826136,0.09083036347360703,23.78513307181771,1.0,True,3.8,0.5,-0.7,-0.7,1,0.02,2.5,10.0,2,0.02,10,0.8301,B_B90 & V_B90 & FUV
1991.3502443120374,8347.572265456842,3340.0924918975816,0.19983481380819565,16.59596402492076,1.0,True,0.1,0.5,-0.7,-0.7,1,0.02,4.58,10.0,2,0.02,10,0.8301,B_B90 & V_B90 & FUV
1500.0587867220354,7623.812418448555,8757.595580363773,0.12626541991417312,51.81924680189873,1.0,True,0.3,0.5,-0.7,-0.7,1,0.02,2.5,10.0,2,0.02,10,0.8301,B_B90 & V_B90 & FUV
1719.9380399921656,5050.092643841702,9599.427427414723,0.06461781952450166,15.06662697652365,1.0,True,1.2,0.5,-0.7,-0.7,1,0.02,0.47,10.0,2,0.02,10,0.8301,B_B90 & V_B90 & FUV
2201.234441917686,9362.167498410148,1203.2889914437437,0.0967016127085185,99.6288179236914,1.0,True,2.3,0.5,-0.7,-0.7,1,0.004,0.47,25.0,2,0.02,10,0.8301,B_B90 & V_B90 & FUV
1507.007115294048,9524.27138686355,9264.069702474117,0.1440018100482669,83.28219556860671,1.0,True,1.7,0.5,-0.7,-0.7,1,0.004,4.58,10.0,2,0.02,10,0.8301,B_B90 & V_B90 & FUV
1522.3945805148924,1020.2826879082877,2196.7947226026436,0.039805558198690555,74.44418913763661,1.0,True,1.7,0.5,-0.7,-0.7,1,0.02,2.5,10.0,2,0.02,10,0.8301,B_B90 & V_B90 & FUV
1500.000714477754,2365.495297778165,1302.6082357151918,0.17556495809028963,10.069531248408936,1.0,True,0.1,0.5,-0.7,-0.7,1,0.02,2.5,10.0,2,0.02,10,0.8301,B_B90 & V_B90 & FUV
2993.5990961355483,9990.520055673791,2837.4222998392215,0.1993267600717841,83.86940832967952,1.0,True,0.3,0.5,-0.7,-0.7,1,0.02,4.58,10.0,2,0.02,10,0.8301,B_B90 & V_B90 & FUV
1850.7422988986127,4470.986683414016,162.14375599342384,0.10481687116754891,99.0054371330363,1.0,True,0.1,0.5,-0.7,-0.7,1,0.02,0.47,25.0,2,0.02,10,0.8301,B_B90 & V_B90 & FUV
1686.804081447978,8215.070461094247,9063.931298848109,0.08238930613722935,15.617121852780215,1.0,True,3.3,0.5,-0.7,-0.7,1,0.02,2.5,5.0,2,0.02,10,0.8301,B_B90 & V_B90 & FUV
1556.5908677652021,3851.2448791879924,1530.2078441624944,0.05953970618614862,23.34139210419083,1.0,True,0.8,0.5,-0.7,-0.7,1,0.004,4.58,5.0,2,0.02,10,0.8301,B_B90 & V_B90 & FUV
2989.6262891287447,1009.766804932302,9858.599819026496,0.18454177951861908,27.63259131284478,1.0,True,0.8,0.5,-0.7,-0.7,1,0.004,0.47,10.0,2,0.02,10,0.8301,B_B90 & V_B90 & FUV
2577.6279891559075,8901.908344887705,233.53402168945468,0.000883607426309968,62.76926789739135,1.0,True,3.8,0.5,-0.7,-0.7,1,0.004,4.58,5.0,2,0.02,10,0.8301,B_B90 & V_B90 & FUV
2192.2288144271342,7946.86429511867,9999.99999341111,0.011562698228232166,36.60831050195865,1.0,True,3.8,0.5,-0.7,-0.7,1,0.02,0.47,25.0,2,0.02,10,0.8301,B_B90 & V_B90 & FUV
2345.266535022451,1000.0776324831932,9999.848609333043,0.0010627621493479178,96.73872228396459,1.0,True,0.1,0.5,-0.7,-0.7,1,0.004,2.5,5.0,2,0.02,10,0.8301,B_B90 & V_B90 & FUV
1500.0326768992097,1024.8124494411059,9981.165012115893,0.03700568540641863,24.710266950806925,1.0,True,3.3,0.5,-0.7,-0.7,1,0.004,2.5,10.0,2,0.02,10,0.8301,B_B90 & V_B90 & FUV
2338.9835174135696,1275.8549540219337,1537.6589332177427,0.03669200964547903,84.46263808190417,1.0,True,1.2,0.5,-0.7,-0.7,1,0.004,2.5,5.0,2,0.02,10,0.8301,B_B90 & V_B90 & FUV
1500.1037038303743,8455.354414472979,8986.185413152918,0.11393072821108664,28.12043603047715,1.0,True,1.7,0.5,-0.7,-0.7,1,0.02,0.47,5.0,2,0.02,10,0.8301,B_B90 & V_B90 & FUV
2093.39363941797,6305.789346212956,9997.243142681413,0.1999785614964758,16.069886409661237,1.0,True,0.8,0.5,-0.7,-0.7,1,0.02,2.5,5.0,2,0.02,10,0.8301,B_B90 & V_B90 & FUV
1511.0348814339713,1000.0090416529383,6906.590161883314,0.1950409596765458,98.69974432717561,1.0,True,3.8,0.5,-0.7,-0.7,1,0.004,4.58,25.0,2,0.02,10,0.8301,B_B90 & V_B90 & FUV
2507.4590981382303,2568.748118590297,9902.296111674663,0.01891828741225937,21.84650790300907,1.0,True,1.7,0.5,-0.7,-0.7,1,0.02,2.5,25.0,2,0.02,10,0.8301,B_B90 & V_B90 & FUV
1592.9485641951726,9930.008653271707,1043.2531972685756,5.314724717875308e-06,96.31164957627819,1.0,True,0.3,0.5,-0.7,-0.7,1,0.02,0.47,10.0,2,0.02,10,0.8301,B_B90 & V_B90 & FUV
2238.8961955903,9608.337903620204,6595.179570672121,0.043415948763883105,55.204432595081315,1.0,True,1.2,0.5,-0.7,-0.7,1,0.004,0.47,10.0,2,0.02,10,0.8301,B_B90 & V_B90 & FUV
1502.7228408804476,1030.0706279596561,9993.061861348211,0.08539786297678204,28.266625908894213,1.0,True,3.3,0.5,-0.7,-0.7,1,0.02,4.58,25.0,2,0.02,10,0.8301,B_B90 & V_B90 & FUV
1625.809071172476,6706.8111551366965,6178.243285024502,0.1994164102422194,10.325178573947298,1.0,True,0.0,0.5,-0.7,-0.7,1,0.02,2.5,10.0,2,0.02,10,0.8301,B_B90 & V_B90 & FUV
2028.0053220251357,7976.5596868476805,9998.863901535373,0.00041247604347011135,10.016081965400048,1.0,True,0.1,0.5,-0.7,-0.7,1,0.02,2.5,5.0,2,0.02,10,0.8301,B_B90 & V_B90 & FUV
1700.3753214955975,9827.7041391284,9100.903027750928,0.13083441310672328,89.6638412230686,1.0,True,0.0,0.5,-0.7,-0.7,1,0.02,4.58,25.0,2,0.02,10,0.8301,B_B90 & V_B90 & FUV
1604.5419465878695,1553.937978089618,7960.111697289028,0.19963001568837316,77.62924084870264,1.0,True,0.05,0.5,-0.7,-0.7,1,0.02,0.47,25.0,2,0.02,10,0.8301,B_B90 & V_B90 & FUV
2106.226233795809,6935.6714857798015,579.1960222137313,0.13585692515105974,24.00575632190788,1.0,True,1.2,0.5,-0.7,-0.7,1,0.004,4.58,25.0,2,0.02,10,0.8301,B_B90 & V_B90 & FUV
1500.1788359228485,4820.100199463206,7958.407032397319,0.0945841473129379,10.213015450183875,1.0,True,0.3,0.5,-0.7,-0.7,1,0.02,0.47,25.0,2,0.02,10,0.8301,B_B90 & V_B90 & FUV
1500.0000092025828,4063.9284453773025,836.2782534288526,0.003802115870999323,10.753397957948195,1.0,True,0.8,0.5,-0.7,-0.7,1,0.004,2.5,5.0,2,0.02,10,0.8301,B_B90 & V_B90 & FUV
1518.957858430238,4311.25339344536,347.2289883372523,0.19982009493899522,83.81577135737344,1.0,True,0.8,0.5,-0.7,-0.7,1,0.02,2.5,5.0,2,0.02,10,0.8301,B_B90 & V_B90 & FUV
1502.3503872379763,9587.288647075917,135.1089537525313,0.1970650254519488,12.647472242489613,1.0,True,0.05,0.5,-0.7,-0.7,1,0.02,4.58,5.0,2,0.02,10,0.8301,B_B90 & V_B90 & FUV
2865.0131440857285,1352.978316526809,9930.111600175049,0.022474760950406958,47.98314570616208,1.0,True,3.3,0.5,-0.7,-0.7,1,0.004,4.58,25.0,2,0.02,10,0.8301,B_B90 & V_B90 & FUV
1567.2501299211522,1852.1446622695858,2296.3689514305033,0.1007660086835232,45.666307372748996,1.0,True,0.3,0.5,-0.7,-0.7,1,0.02,2.5,5.0,2,0.02,10,0.8301,B_B90 & V_B90 & FUV
1906.7776465939887,6591.990693832668,1031.4348625545972,0.08200885085715381,66.63726631767346,1.0,True,3.3,0.5,-0.7,-0.7,1,0.02,0.47,25.0,2,0.02,10,0.8301,B_B90 & V_B90 & FUV
1508.3599650029682,1591.1033733008553,878.3145692416929,0.18543440995927063,97.96229741348465,1.0,True,0.05,0.5,-0.7,-0.7,1,0.004,2.5,10.0,2,0.02,10,0.8301,B_B90 & V_B90 & FUV
1701.2693345418872,9979.532974971624,8760.457579572627,0.17552526512698624,86.53105548297896,1.0,True,0.3,0.5,-0.7,-0.7,1,0.02,2.5,25.0,2,0.02,10,0.8301,B_B90 & V_B90 & FUV
2989.451571661883,2782.333907195679,7028.829743851651,0.1266659583468362,13.3493306329364,1.0,True,1.7,0.5,-0.7,-0.7,1,0.02,4.58,25.0,2,0.02,10,0.8301,B_B90 & V_B90 & FUV
1694.3126748451089,3690.3112331556404,3388.738287321212,0.0830235255671537,64.251561940751,1.0,True,0.3,0.5,-0.7,-0.7,1,0.004,0.47,5.0,2,0.02,10,0.8301,B_B90 & V_B90 & FUV
2113.963648179249,9608.91400615862,8250.00507014409,0.008180875404184995,28.25375879308028,1.0,True,0.1,0.5,-0.7,-0.7,1,0.02,0.47,10.0,2,0.02,10,0.8301,B_B90 & V_B90 & FUV
2212.8729416932197,1450.0998584727913,5447.780683511728,0.17063778350253245,10.643592003141151,1.0,True,3.8,0.5,-0.7,-0.7,1,0.02,0.47,25.0,2,0.02,10,0.8301,B_B90 & V_B90 & FUV
2865.5479133165786,4783.0554000078555,9881.318338727171,0.009574009066150913,97.57784949864325,1.0,True,0.8,0.5,-0.7,-0.7,1,0.004,4.58,25.0,2,0.02,10,0.8301,B_B90 & V_B90 & FUV
2650.4729921435596,1000.2304985655846,7565.076905292195,0.025352145780244112,49.80446818431173,1.0,True,3.8,0.5,-0.7,-0.7,1,0.02,2.5,10.0,2,0.02,10,0.8301,B_B90 & V_B90 & FUV
2076.4087115388907,1677.3132692227246,8056.453262194073,0.1795546982646879,14.966686951032571,1.0,True,3.8,0.5,-0.7,-0.7,1,0.02,2.5,10.0,2,0.02,10,0.8301,B_B90 & V_B90 & FUV
1503.9578224348513,1590.7635632020629,3148.2098073579946,0.07233202250791479,16.59595476404236,1.0,True,0.3,0.5,-0.7,-0.7,1,0.02,2.5,25.0,2,0.02,10,0.8301,B_B90 & V_B90 & FUV
2576.8283052196743,2505.2758677043776,7479.367398478824,0.1801859054358679,10.048218214126692,1.0,True,0.3,0.5,-0.7,-0.7,1,0.004,4.58,5.0,2,0.02,10,0.8301,B_B90 & V_B90 & FUV
1623.6740581971364,9029.416128554978,8446.70965895181,0.07165854620322928,11.61313773965938,1.0,True,0.1,0.5,-0.7,-0.7,1,0.02,0.47,25.0,2,0.02,10,0.8301,B_B90 & V_B90 & FUV
1538.0140133928553,2859.6149344375262,5056.815715083227,0.12337117691274975,51.782043926981665,1.0,True,1.2,0.5,-0.7,-0.7,1,0.004,4.58,10.0,2,0.02,10,0.8301,B_B90 & V_B90 & FUV
1501.6103143815792,1000.3042587344044,174.3988081563457,0.1956873305895153,88.17065767544993,1.0,True,0.1,0.5,-0.7,-0.7,1,0.02,4.58,25.0,2,0.02,10,0.8301,B_B90 & V_B90 & FUV
2116.492608154476,2541.455097494507,9988.055656125885,0.1722884875750052,27.034683957024555,1.0,True,0.1,0.5,-0.7,-0.7,1,0.02,2.5,25.0,2,0.02,10,0.8301,B_B90 & V_B90 & FUV
2609.6532075413243,2381.048282531946,2009.6289835078933,0.007309694743809103,28.64355041556938,1.0,True,2.3,0.5,-0.7,-0.7,1,0.004,0.47,5.0,2,0.02,10,0.8301,B_B90 & V_B90 & FUV
1513.3369328457588,9641.45048559769,4135.053400155039,0.00022840349584471453,99.49441051186841,1.0,True,0.8,0.5,-0.7,-0.7,1,0.02,2.5,25.0,2,0.02,10,0.8301,B_B90 & V_B90 & FUV
1510.4543985062226,2375.8439041105803,701.8552823549198,0.1961847356431085,92.99947071752159,1.0,True,0.1,0.5,-0.7,-0.7,1,0.004,0.47,5.0,2,0.02,10,0.8301,B_B90 & V_B90 & FUV
1500.6584787468653,9977.976260126768,9999.406567003012,0.012176279018879271,99.99592663733146,1.0,True,0.1,0.5,-0.7,-0.7,1,0.004,4.58,10.0,2,0.02,10,0.8301,B_B90 & V_B90 & FUV
1589.760455287741,9988.878184283367,6186.255627545,0.1313051086202414,10.014071328204935,1.0,True,0.05,0.5,-0.7,-0.7,1,0.004,4.58,10.0,2,0.02,10,0.8301,B_B90 & V_B90 & FUV
2850.1892780552803,6737.607290021491,6127.933778069084,0.19944653214892533,93.8789907041621,1.0,True,0.1,0.5,-0.7,-0.7,1,0.004,0.47,10.0,2,0.02,10,0.8301,B_B90 & V_B90 & FUV
1500.5960040502764,5017.091563242979,9903.14992374658,0.07176112629286435,73.16041356550659,1.0,True,2.3,0.5,-0.7,-0.7,1,0.02,4.58,5.0,2,0.02,10,0.8301,B_B90 & V_B90 & FUV
2049.1513763164776,1019.0255442961497,6163.627369525844,0.011463562298628521,33.06657273444576,1.0,True,3.3,0.5,-0.7,-0.7,1,0.004,0.47,25.0,2,0.02,10,0.8301,B_B90 & V_B90 & FUV
2396.274172748312,4396.243250605692,874.3605502391019,0.19161592592589707,64.80609192472289,1.0,True,3.8,0.5,-0.7,-0.7,1,0.02,0.47,10.0,2,0.02,10,0.8301,B_B90 & V_B90 & FUV
1708.4470403440212,9800.104664039296,3127.6547960820862,0.056359273235704416,99.53456122695592,1.0,True,3.8,0.5,-0.7,-0.7,1,0.004,0.47,10.0,2,0.02,10,0.8301,B_B90 & V_B90 & FUV
2258.95803249073,9883.59487530183,8465.16970392641,0.14810178961405862,79.70949963221483,1.0,True,0.8,0.5,-0.7,-0.7,1,0.02,2.5,10.0,2,0.02,10,0.8301,B_B90 & V_B90 & FUV
2303.9371179639647,9132.224121511528,8559.022320577951,0.03873316391828183,25.426495437472724,1.0,True,0.0,0.5,-0.7,-0.7,1,0.004,2.5,25.0,2,0.02,10,0.8301,B_B90 & V_B90 & FUV
2168.0990550424813,9982.41557871532,6867.288661596527,0.11967456862936428,78.5652856305885,1.0,True,1.7,0.5,-0.7,-0.7,1,0.004,4.58,5.0,2,0.02,10,0.8301,B_B90 & V_B90 & FUV
1525.2928012585076,1145.594762136323,454.32079357074144,0.000257453134910518,60.089662864406186,1.0,True,0.0,0.5,-0.7,-0.7,1,0.004,2.5,5.0,2,0.02,10,0.8301,B_B90 & V_B90 & FUV
1500.004274256091,7249.274329370092,7624.205111233216,0.0004586625109081477,93.35762366070902,1.0,True,1.7,0.5,-0.7,-0.7,1,0.02,4.58,10.0,2,0.02,10,0.8301,B_B90 & V_B90 & FUV
1551.442916122724,1097.630837948922,9286.743612232676,0.13717408767067785,10.553086810766871,1.0,True,2.3,0.5,-0.7,-0.7,1,0.004,2.5,10.0,2,0.02,10,0.8301,B_B90 & V_B90 & FUV
1859.0736402174857,6740.33531011673,9968.920540244451,0.17519289587852432,74.12281617261641,1.0,True,0.05,0.5,-0.7,-0.7,1,0.004,4.58,10.0,2,0.02,10,0.8301,B_B90 & V_B90 & FUV
2537.6336878941183,1013.4169139845253,9708.53193414179,0.00034747942090543327,10.0290583526847,1.0,True,2.3,0.5,-0.7,-0.7,1,0.02,2.5,5.0,2,0.02,10,0.8301,B_B90 & V_B90 & FUV
1503.992463132056,6650.423330516449,9604.176626500739,0.03461072995804684,48.3382084654221,1.0,True,0.1,0.5,-0.7,-0.7,1,0.02,2.5,25.0,2,0.02,10,0.8301,B_B90 & V_B90 & FUV
1669.2014457382716,1064.502162654917,9985.83969437852,0.12086407869641189,53.97963241227669,1.0,True,0.3,0.5,-0.7,-0.7,1,0.004,2.5,10.0,2,0.02,10,0.8301,B_B90 & V_B90 & FUV
1705.9387871259105,1314.0518644643962,104.2611382893665,0.13767184133686133,18.81705638511501,1.0,True,0.0,0.5,-0.7,-0.7,1,0.004,0.47,5.0,2,0.02,10,0.8301,B_B90 & V_B90 & FUV
2674.7661867882284,3982.2405473635945,598.3305583099082,0.07273519563918188,10.053000071212779,1.0,True,0.8,0.5,-0.7,-0.7,1,0.004,4.58,10.0,2,0.02,10,0.8301,B_B90 & V_B90 & FUV
2360.7170606107766,3393.128126744248,9992.799319668533,0.007998975126621788,96.7549293952306,1.0,True,0.3,0.5,-0.7,-0.7,1,0.02,2.5,10.0,2,0.02,10,0.8301,B_B90 & V_B90 & FUV
1714.9906573915002,1001.1024863798484,4284.294245624914,0.18749865914691238,99.98786119923699,1.0,True,1.7,0.5,-0.7,-0.7,1,0.02,2.5,10.0,2,0.02,10,0.8301,B_B90 & V_B90 & FUV
2771.3909887207637,2315.028966138055,2668.1833791657555,0.11964838892335444,97.85918364776383,1.0,True,0.1,0.5,-0.7,-0.7,1,0.02,2.5,5.0,2,0.02,10,0.8301,B_B90 & V_B90 & FUV
2059.3643692999976,6265.268251092035,1246.4710844209421,0.016758418181042012,33.58645909070461,1.0,True,1.7,0.5,-0.7,-0.7,1,0.02,0.47,25.0,2,0.02,10,0.8301,B_B90 & V_B90 & FUV
1505.24293443778,2677.4706546507814,1547.3753766936297,0.04499839727102348,29.62561788759895,1.0,True,0.3,0.5,-0.7,-0.7,1,0.004,4.58,10.0,2,0.02,10,0.8301,B_B90 & V_B90 & FUV
1816.2574596058482,1001.5343818163619,5207.586544766208,0.15630704418177413,98.42173965925831,1.0,True,0.1,0.5,-0.7,-0.7,1,0.02,0.47,25.0,2,0.02,10,0.8301,B_B90 & V_B90 & FUV
1501.4523057235217,5481.321518134419,6638.0029138680675,0.0012886820937208776,23.560311584052627,1.0,True,2.3,0.5,-0.7,-0.7,1,0.02,0.47,10.0,2,0.02,10,0.8301,B_B90 & V_B90 & FUV
1558.4286757337272,2339.7740415441494,7055.842153558337,0.15782722817481235,25.39831662200885,1.0,True,0.3,0.5,-0.7,-0.7,1,0.02,2.5,25.0,2,0.02,10,0.8301,B_B90 & V_B90 & FUV
2593.819928300774,6809.617504445172,9999.697237508028,0.19021450451507232,20.35680522654154,1.0,True,0.1,0.5,-0.7,-0.7,1,0.02,4.58,10.0,2,0.02,10,0.8301,B_B90 & V_B90 & FUV
1545.5822055185033,1670.8450586007439,9999.999994187581,0.09971389819556409,12.275145590982689,1.0,True,3.8,0.5,-0.7,-0.7,1,0.02,2.5,10.0,2,0.02,10,0.8301,B_B90 & V_B90 & FUV
1525.511105285925,5138.071170968733,3803.877033673247,0.19408862887118716,13.092493513124722,1.0,True,3.3,0.5,-0.7,-0.7,1,0.004,0.47,10.0,2,0.02,10,0.8301,B_B90 & V_B90 & FUV
1996.6998298569047,8988.91106903486,8160.834953667179,0.17836724189908015,97.592275898238,1.0,True,0.8,0.5,-0.7,-0.7,1,0.004,2.5,5.0,2,0.02,10,0.8301,B_B90 & V_B90 & FUV
1970.7964626114776,3122.0564039667142,2959.323296864939,0.05081395460722307,10.000868205211944,1.0,True,0.0,0.5,-0.7,-0.7,1,0.02,4.58,10.0,2,0.02,10,0.8301,B_B90 & V_B90 & FUV
1638.403240864181,1013.3200167318428,6614.621856861844,0.02905457059066338,48.63311003287853,1.0,True,1.2,0.5,-0.7,-0.7,1,0.02,4.58,25.0,2,0.02,10,0.8301,B_B90 & V_B90 & FUV
1591.4088356481907,1972.9263350441342,1842.5456797272627,0.19972320571681695,67.5845700799763,1.0,True,0.0,0.5,-0.7,-0.7,1,0.004,2.5,10.0,2,0.02,10,0.8301,B_B90 & V_B90 & FUV
2698.5621331486755,9996.254774034644,4470.770013175828,0.14601915430937912,83.65473313776386,1.0,True,3.3,0.5,-0.7,-0.7,1,0.02,0.47,5.0,2,0.02,10,0.8301,B_B90 & V_B90 & FUV
1677.4454358392074,1631.8063446952856,4419.204558637899,0.17501483340966828,43.056029454165305,1.0,True,0.8,0.5,-0.7,-0.7,1,0.004,2.5,25.0,2,0.02,10,0.8301,B_B90 & V_B90 & FUV
1512.6806767089424,9992.333016122575,9928.54057780335,0.12316943645055134,99.41772233010369,1.0,True,0.1,0.5,-0.7,-0.7,1,0.004,2.5,25.0,2,0.02,10,0.8301,B_B90 & V_B90 & FUV
2739.6356072678377,1057.9388769981306,6741.804317471717,0.11576453211199378,94.93705354243728,1.0,True,2.3,0.5,-0.7,-0.7,1,0.02,0.47,25.0,2,0.02,10,0.8301,B_B90 & V_B90 & FUV
2164.6730932195896,9845.970444239396,9091.44761228525,0.1998724487909692,10.776931636755108,1.0,True,0.05,0.5,-0.7,-0.7,1,0.004,4.58,25.0,2,0.02,10,0.8301,B_B90 & V_B90 & FUV
2635.572143805263,9441.737944128638,8452.634074341697,0.057299825003310934,45.74744585211256,1.0,True,1.7,0.5,-0.7,-0.7,1,0.004,2.5,10.0,2,0.02,10,0.8301,B_B90 & V_B90 & FUV
1528.0929602370052,8941.294647360352,7305.472772374722,0.10838894617649239,27.74928151405203,1.0,True,1.7,0.5,-0.7,-0.7,1,0.004,2.5,25.0,2,0.02,10,0.8301,B_B90 & V_B90 & FUV
1575.550280599678,1410.724572842002,150.513482158849,0.12902350930293843,96.92213334221401,1.0,True,0.05,0.5,-0.7,-0.7,1,0.004,0.47,5.0,2,0.02,10,0.8301,B_B90 & V_B90 & FUV
2276.8429931451237,6772.313629616611,3749.4700915149388,0.032218779175479856,35.83450011740656,1.0,True,1.7,0.5,-0.7,-0.7,1,0.004,0.47,25.0,2,0.02,10,0.8301,B_B90 & V_B90 & FUV
1697.1447918094202,6557.787544913642,7985.700246126517,0.19787851372228452,56.3734988369684,1.0,True,2.3,0.5,-0.7,-0.7,1,0.02,2.5,5.0,2,0.02,10,0.8301,B_B90 & V_B90 & FUV
1669.2358307204222,1218.6509374362395,9997.272170346625,0.06420798141894876,10.060999374868373,1.0,True,2.3,0.5,-0.7,-0.7,1,0.004,0.47,10.0,2,0.02,10,0.8301,B_B90 & V_B90 & FUV
1644.9711866047094,5723.493262265276,3744.008151386467,0.1067300133464503,96.9872500719969,1.0,True,1.7,0.5,-0.7,-0.7,1,0.004,4.58,10.0,2,0.02,10,0.8301,B_B90 & V_B90 & FUV
1844.7890398683678,1664.7429560442342,9999.97188879363,0.1587705298142292,98.35709646467333,1.0,True,0.0,0.5,-0.7,-0.7,1,0.02,2.5,10.0,2,0.02,10,0.8301,B_B90 & V_B90 & FUV
1832.2004042291462,1968.7445148603347,8808.916548200854,0.16924311639397507,90.07087874532515,1.0,True,0.05,0.5,-0.7,-0.7,1,0.02,2.5,5.0,2,0.02,10,0.8301,B_B90 & V_B90 & FUV
2517.286662140232,1841.162967790131,4518.590293345111,0.000534651200178704,25.38127408032223,1.0,True,0.1,0.5,-0.7,-0.7,1,0.02,4.58,5.0,2,0.02,10,0.8301,B_B90 & V_B90 & FUV
1507.6397071664517,9534.218802013835,8963.30157292686,0.19722304462985346,67.11219826908734,1.0,True,3.8,0.5,-0.7,-0.7,1,0.02,2.5,25.0,2,0.02,10,0.8301,B_B90 & V_B90 & FUV
2326.558194688165,3069.3857090314696,8249.008088241168,0.036338769784598574,11.380331310701806,1.0,True,0.0,0.5,-0.7,-0.7,1,0.02,2.5,5.0,2,0.02,10,0.8301,B_B90 & V_B90 & FUV
1625.9333750593844,5096.386847378366,7003.81142941396,0.00023228697824942413,91.14124826872334,1.0,True,1.2,0.5,-0.7,-0.7,1,0.004,0.47,10.0,2,0.02,10,0.8301,B_B90 & V_B90 & FUV
1768.8895365413878,9359.811955730556,9187.92859496246,0.03950009018824974,30.54348172050544,1.0,True,3.3,0.5,-0.7,-0.7,1,0.02,0.47,5.0,2,0.02,10,0.8301,B_B90 & V_B90 & FUV
1741.4641410236122,9916.490745367577,2890.522327849131,0.003327201686475767,99.59925177836223,1.0,True,0.8,0.5,-0.7,-0.7,1,0.02,0.47,10.0,2,0.02,10,0.8301,B_B90 & V_B90 & FUV
1542.5782820232853,9718.667793750154,1935.9547422865417,0.018984786243960106,10.59951466684359,1.0,True,3.3,0.5,-0.7,-0.7,1,0.004,2.5,10.0,2,0.02,10,0.8301,B_B90 & V_B90 & FUV
2264.8311620336613,8133.319562853826,170.97519291928984,0.13407471039392904,79.0742743396927,1.0,True,0.3,0.5,-0.7,-0.7,1,0.02,2.5,25.0,2,0.02,10,0.8301,B_B90 & V_B90 & FUV
2532.1254781343787,9897.726596225237,9282.162614639004,0.016416105586523844,99.20205710160162,1.0,True,0.8,0.5,-0.7,-0.7,1,0.004,4.58,25.0,2,0.02,10,0.8301,B_B90 & V_B90 & FUV
2313.8344078091745,6658.579247249072,9971.335938291177,0.1990029788724042,34.113007911626966,1.0,True,1.2,0.5,-0.7,-0.7,1,0.02,0.47,5.0,2,0.02,10,0.8301,B_B90 & V_B90 & FUV
1547.4728990643869,9868.80179054936,9331.54470623018,0.11906665969376173,10.01597733946366,1.0,True,1.7,0.5,-0.7,-0.7,1,0.02,2.5,25.0,2,0.02,10,0.8301,B_B90 & V_B90 & FUV
1653.909850299011,1103.8073363060212,2145.615659463281,0.011494833173821967,97.27515733782487,1.0,True,0.3,0.5,-0.7,-0.7,1,0.004,0.47,5.0,2,0.02,10,0.8301,B_B90 & V_B90 & FUV
2999.9913002360195,2128.4822038486145,4981.545193182617,0.19999093969270054,73.76639733641598,1.0,True,0.8,0.5,-0.7,-0.7,1,0.004,4.58,5.0,2,0.02,10,0.8301,B_B90 & V_B90 & FUV
2649.3893786069766,2584.045891028013,6897.216736493841,0.02003495313875661,90.54720871206933,1.0,True,1.7,0.5,-0.7,-0.7,1,0.02,0.47,25.0,2,0.02,10,0.8301,B_B90 & V_B90 & FUV
2996.822838340597,9999.204172755315,4179.860046091397,0.13244275100434644,23.109587311152424,1.0,True,3.3,0.5,-0.7,-0.7,1,0.02,0.47,5.0,2,0.02,10,0.8301,B_B90 & V_B90 & FUV
2038.0055006436423,9999.667697852014,7888.99167291794,0.011355878999508018,10.277681830286909,1.0,True,0.3,0.5,-0.7,-0.7,1,0.004,2.5,10.0,2,0.02,10,0.8301,B_B90 & V_B90 & FUV
2815.283253944857,9397.767173527967,4615.977432522051,0.1104858298218797,91.72530882907812,1.0,True,1.2,0.5,-0.7,-0.7,1,0.02,4.58,10.0,2,0.02,10,0.8301,B_B90 & V_B90 & FUV
2634.376872420865,2816.8316373376138,9921.450272690388,0.00016224403551057254,28.848910877458238,1.0,True,2.3,0.5,-0.7,-0.7,1,0.02,0.47,25.0,2,0.02,10,0.8301,B_B90 & V_B90 & FUV
2628.903197167534,1996.3442239001524,5161.451275392073,0.031135255299475334,97.68264789043404,1.0,True,3.8,0.5,-0.7,-0.7,1,0.02,0.47,5.0,2,0.02,10,0.8301,B_B90 & V_B90 & FUV
2042.434339602473,2830.2293862315573,6220.018993472675,0.021179762890503356,10.023344362587508,1.0,True,0.05,0.5,-0.7,-0.7,1,0.02,2.5,10.0,2,0.02,10,0.8301,B_B90 & V_B90 & FUV
1624.9672418683463,6556.44846712986,219.77455071943223,0.003169953063620501,10.405884178034697,1.0,True,0.0,0.5,-0.7,-0.7,1,0.02,2.5,5.0,2,0.02,10,0.8301,B_B90 & V_B90 & FUV
2671.355098564288,9713.054967736472,8618.810028493892,0.06118877533234099,55.31027722727125,1.0,True,0.0,0.5,-0.7,-0.7,1,0.004,2.5,25.0,2,0.02,10,0.8301,B_B90 & V_B90 & FUV
2057.2339174208564,4771.383408916684,793.6935904574348,0.0005552005754692335,26.220391316226085,1.0,True,0.1,0.5,-0.7,-0.7,1,0.004,4.58,25.0,2,0.02,10,0.8301,B_B90 & V_B90 & FUV
2851.676305072269,2418.9401462101378,9603.914875842678,0.19608661301463337,10.103857824998983,1.0,True,1.2,0.5,-0.7,-0.7,1,0.02,0.47,5.0,2,0.02,10,0.8301,B_B90 & V_B90 & FUV
2725.5062552397976,1365.408001957967,9967.997187374618,0.023073342969578026,10.001393732393367,1.0,True,0.05,0.5,-0.7,-0.7,1,0.02,2.5,25.0,2,0.02,10,0.8301,B_B90 & V_B90 & FUV
2979.9495636650336,3426.8759168811484,9177.926589561877,0.19265671248386074,10.000000030847659,1.0,True,0.1,0.5,-0.7,-0.7,1,0.004,0.47,10.0,2,0.02,10,0.8301,B_B90 & V_B90 & FUV
2947.9213501299037,3638.866539458776,9844.077669585176,0.09526867909881494,23.630034246198306,1.0,True,0.05,0.5,-0.7,-0.7,1,0.02,4.58,10.0,2,0.02,10,0.8301,B_B90 & V_B90 & FUV
1697.6913319538617,7153.614433940381,7474.462702667446,0.06730572131721724,14.14925452665672,1.0,True,3.3,0.5,-0.7,-0.7,1,0.02,2.5,25.0,2,0.02,10,0.8301,B_B90 & V_B90 & FUV
1567.1519224280553,8833.493696149526,9980.499554776223,0.18716911930317942,14.013913089299038,1.0,True,3.3,0.5,-0.7,-0.7,1,0.02,0.47,25.0,2,0.02,10,0.8301,B_B90 & V_B90 & FUV
2962.241468012107,9941.877535787653,9901.115352397135,0.18201218239309888,77.79721186328558,1.0,True,0.8,0.5,-0.7,-0.7,1,0.02,4.58,10.0,2,0.02,10,0.8301,B_B90 & V_B90 & FUV
2154.116783367085,7620.94166827147,3697.875069438087,0.1852764118451432,11.608189145980546,1.0,True,0.3,0.5,-0.7,-0.7,1,0.004,4.58,10.0,2,0.02,10,0.8301,B_B90 & V_B90 & FUV
2916.0158113217226,1008.4145917941514,9990.977282307158,0.10985386821667556,15.792901447624786,1.0,True,3.8,0.5,-0.7,-0.7,1,0.004,0.47,5.0,2,0.02,10,0.8301,B_B90 & V_B90 & FUV
1626.5331920822312,9997.366393560596,9965.317649317736,0.1332114379068463,61.4108397652229,1.0,True,1.7,0.5,-0.7,-0.7,1,0.004,2.5,5.0,2,0.02,10,0.8301,B_B90 & V_B90 & FUV
1719.250349271804,8937.50317103752,2981.166633465373,0.19980603412300205,10.150561627339442,1.0,True,0.05,0.5,-0.7,-0.7,1,0.02,4.58,25.0,2,0.02,10,0.8301,B_B90 & V_B90 & FUV
1503.673104266355,1320.8085510324909,3902.527650312866,0.19743158689060117,37.3885806485376,1.0,True,3.3,0.5,-0.7,-0.7,1,0.02,2.5,25.0,2,0.02,10,0.8301,B_B90 & V_B90 & FUV
2552.6731226219945,6895.500221524279,9284.21161311074,0.07757651838934383,78.36521632796487,1.0,True,0.3,0.5,-0.7,-0.7,1,0.02,4.58,25.0,2,0.02,10,0.8301,B_B90 & V_B90 & FUV
2981.140081611793,4362.936254965246,3829.5860048208033,0.19662410273963235,19.940036179778687,1.0,True,3.3,0.5,-0.7,-0.7,1,0.02,4.58,25.0,2,0.02,10,0.8301,B_B90 & V_B90 & FUV
1525.5457318843798,6922.941823493295,3200.052982262023,0.1998348352108529,38.83143394862863,1.0,True,1.2,0.5,-0.7,-0.7,1,0.004,2.5,10.0,2,0.02,10,0.8301,B_B90 & V_B90 & FUV
2441.104575809583,3387.6821758532406,6559.7382496934115,0.01921644238772141,87.79794437796943,1.0,True,1.7,0.5,-0.7,-0.7,1,0.004,0.47,10.0,2,0.02,10,0.8301,B_B90 & V_B90 & FUV
2814.1217088990775,2347.028509597316,2745.7414492064054,0.17870390190247853,37.94200154829709,1.0,True,2.3,0.5,-0.7,-0.7,1,0.004,0.47,25.0,2,0.02,10,0.8301,B_B90 & V_B90 & FUV
2692.897984959471,9997.095422573138,6287.602500929688,0.19794376970638666,36.1527302040352,1.0,True,0.0,0.5,-0.7,-0.7,1,0.02,2.5,5.0,2,0.02,10,0.8301,B_B90 & V_B90 & FUV
2804.3752769842586,8385.683725128127,139.6032001346357,0.1999090562511752,10.000173581504768,1.0,True,2.3,0.5,-0.7,-0.7,1,0.02,4.58,10.0,2,0.02,10,0.8301,B_B90 & V_B90 & FUV
2252.665614586732,3139.2641515841697,9994.12864271725,0.006746627114546627,30.778594378060475,1.0,True,0.1,0.5,-0.7,-0.7,1,0.004,2.5,25.0,2,0.02,10,0.8301,B_B90 & V_B90 & FUV
2711.250126966632,9372.327364971487,9999.841665593118,0.19451484541920658,80.65126025445304,1.0,True,2.3,0.5,-0.7,-0.7,1,0.02,4.58,25.0,2,0.02,10,0.8301,B_B90 & V_B90 & FUV
2933.565972898388,1881.1678966390882,5203.394251558928,0.002968082554551277,97.73593532064532,1.0,True,0.3,0.5,-0.7,-0.7,1,0.004,2.5,25.0,2,0.02,10,0.8301,B_B90 & V_B90 & FUV
2898.413917990346,5056.3681078281425,9638.77046438612,0.1805078532139738,17.14326049769761,1.0,True,0.0,0.5,-0.7,-0.7,1,0.004,0.47,5.0,2,0.02,10,0.8301,B_B90 & V_B90 & FUV
2844.0581927074886,9999.88423826527,9646.450954592081,0.005283144981739735,29.197869775962175,1.0,True,1.7,0.5,-0.7,-0.7,1,0.004,4.58,10.0,2,0.02,10,0.8301,B_B90 & V_B90 & FUV
2470.3818371860716,3567.8518145874177,9210.63331396781,0.1999992901645616,96.5453245892146,1.0,True,3.8,0.5,-0.7,-0.7,1,0.02,0.47,25.0,2,0.02,10,0.8301,B_B90 & V_B90 & FUV
2820.9109419852634,6708.305942567002,936.4214088506851,0.1794304100431343,10.242326550419705,1.0,True,0.0,0.5,-0.7,-0.7,1,0.02,4.58,25.0,2,0.02,10,0.8301,B_B90 & V_B90 & FUV
1563.0374528038215,9376.021048351344,5800.867269029483,0.05513960659386888,14.138585691308293,1.0,True,0.0,0.5,-0.7,-0.7,1,0.004,4.58,10.0,2,0.02,10,0.8301,B_B90 & V_B90 & FUV
2393.4323421571335,3090.2957011540175,426.16869068557935,1.887098562741718e-05,17.100873068566315,1.0,True,0.05,0.5,-0.7,-0.7,1,0.02,0.47,5.0,2,0.02,10,0.8301,B_B90 & V_B90 & FUV
2090.795696046076,8615.13728239962,9679.963131127794,0.1996968066593903,98.40823083152654,1.0,True,0.05,0.5,-0.7,-0.7,1,0.02,0.47,10.0,2,0.02,10,0.8301,B_B90 & V_B90 & FUV
1661.4581675612797,9282.367976274325,9544.835620450522,0.10149359985390545,10.530497778096773,1.0,True,2.3,0.5,-0.7,-0.7,1,0.02,4.58,10.0,2,0.02,10,0.8301,B_B90 & V_B90 & FUV
2614.90939967865,9999.93419306566,9978.623383107082,0.00015032166515163703,10.029354850387946,1.0,True,1.7,0.5,-0.7,-0.7,1,0.004,0.47,25.0,2,0.02,10,0.8301,B_B90 & V_B90 & FUV
1500.214927256359,7239.152877958801,9899.824947330784,0.12743912949598607,60.57835409344579,1.0,True,0.0,0.5,-0.7,-0.7,1,0.004,2.5,10.0,2,0.02,10,0.8301,B_B90 & V_B90 & FUV
1502.6805897216254,8208.793390894112,100.00254346450674,0.03378003564085533,10.045774852138223,1.0,True,0.05,0.5,-0.7,-0.7,1,0.02,2.5,5.0,2,0.02,10,0.8301,B_B90 & V_B90 & FUV
2995.3440219711983,1007.2691957190345,7488.427295593587,0.14840550067025082,82.17848552714278,1.0,True,2.3,0.5,-0.7,-0.7,1,0.004,4.58,10.0,2,0.02,10,0.8301,B_B90 & V_B90 & FUV
2981.145598503239,4633.833757148137,9921.064008003194,0.00436340849985023,44.031140896341824,1.0,True,0.1,0.5,-0.7,-0.7,1,0.004,4.58,25.0,2,0.02,10,0.8301,B_B90 & V_B90 & FUV
2386.302884614206,9881.930188644943,2972.297252834165,0.15789419412926387,67.34577509264919,1.0,True,0.05,0.5,-0.7,-0.7,1,0.004,0.47,25.0,2,0.02,10,0.8301,B_B90 & V_B90 & FUV
2909.310661922751,1852.205903340193,6871.148514111127,0.1590564508381092,10.35986235552295,1.0,True,0.0,0.5,-0.7,-0.7,1,0.02,4.58,10.0,2,0.02,10,0.8301,B_B90 & V_B90 & FUV
1987.3532035179214,6330.225943222427,9538.30431877585,0.030302885650302175,11.426422711139637,1.0,True,2.3,0.5,-0.7,-0.7,1,0.02,4.58,25.0,2,0.02,10,0.8301,B_B90 & V_B90 & FUV
1934.0215600125493,6300.649788675282,142.89009948288913,0.19003488342326436,44.8534423762312,1.0,True,3.8,0.5,-0.7,-0.7,1,0.02,0.47,10.0,2,0.02,10,0.8301,B_B90 & V_B90 & FUV
2884.6190290935892,5815.074411655403,9904.879572257474,0.15304718056070318,10.93193037648112,1.0,True,3.3,0.5,-0.7,-0.7,1,0.02,4.58,10.0,2,0.02,10,0.8301,B_B90 & V_B90 & FUV
2943.430910762518,2304.89973528723,9952.541141768792,0.08978497328749467,15.373160757177018,1.0,True,0.0,0.5,-0.7,-0.7,1,0.02,4.58,25.0,2,0.02,10,0.8301,B_B90 & V_B90 & FUV
1544.3747919419409,2087.61914359561,9831.617699012842,0.07822602736932215,72.95005744065142,1.0,True,0.1,0.5,-0.7,-0.7,1,0.004,0.47,25.0,2,0.02,10,0.8301,B_B90 & V_B90 & FUV
1707.6855458679374,1717.4523200986314,7616.51942946043,0.1107938872135969,31.267797897493708,1.0,True,3.3,0.5,-0.7,-0.7,1,0.02,4.58,5.0,2,0.02,10,0.8301,B_B90 & V_B90 & FUV
2706.7977831572543,9450.020482295757,1535.8874638694724,0.14557946135088953,22.3829697879232,1.0,True,2.3,0.5,-0.7,-0.7,1,0.02,4.58,10.0,2,0.02,10,0.8301,B_B90 & V_B90 & FUV
1703.1138810726732,5541.430883063349,9653.666867618116,0.12276650054491532,12.577017579939337,1.0,True,0.05,0.5,-0.7,-0.7,1,0.02,0.47,5.0,2,0.02,10,0.8301,B_B90 & V_B90 & FUV
1879.8409602908207,9971.690438594427,9991.474930334065,0.1847294048452149,43.79311575407089,1.0,True,2.3,0.5,-0.7,-0.7,1,0.02,4.58,10.0,2,0.02,10,0.8301,B_B90 & V_B90 & FUV
2801.4848725285456,9997.142930693975,9985.45325920118,0.15958945202500147,10.008529004515253,1.0,True,0.3,0.5,-0.7,-0.7,1,0.004,4.58,10.0,2,0.02,10,0.8301,B_B90 & V_B90 & FUV
1500.046716577069,3219.632906856984,8229.574582133548,0.10991398187506185,24.14821342427281,1.0,True,3.8,0.5,-0.7,-0.7,1,0.004,0.47,5.0,2,0.02,10,0.8301,B_B90 & V_B90 & FUV
1940.25839453136,7617.440595797021,9229.034053442605,0.0005545871594346274,91.02790611234809,1.0,True,3.8,0.5,-0.7,-0.7,1,0.004,4.58,25.0,2,0.02,10,0.8301,B_B90 & V_B90 & FUV
1573.8782365918858,9997.721955382101,4550.96455914838,0.19975675829495912,10.001899003950143,1.0,True,3.3,0.5,-0.7,-0.7,1,0.004,0.47,5.0,2,0.02,10,0.8301,B_B90 & V_B90 & FUV
2838.552162564956,5993.174658739823,1652.6816021532577,0.19611797695244657,23.64505879167656,1.0,True,0.8,0.5,-0.7,-0.7,1,0.004,0.47,25.0,2,0.02,10,0.8301,B_B90 & V_B90 & FUV
2502.961216214371,1829.6237805984592,1328.0445988117754,0.06701981433774612,93.55008171580738,1.0,True,1.2,0.5,-0.7,-0.7,1,0.02,0.47,25.0,2,0.02,10,0.8301,B_B90 & V_B90 & FUV
2685.1234065868966,7365.139017683518,697.7155507236657,0.19903288077036974,41.212439868424504,1.0,True,1.7,0.5,-0.7,-0.7,1,0.02,4.58,25.0,2,0.02,10,0.8301,B_B90 & V_B90 & FUV
1515.529094083209,8010.122551977345,7409.160705699922,0.1999272188459381,52.90658075704808,1.0,True,0.05,0.5,-0.7,-0.7,1,0.02,4.58,10.0,2,0.02,10,0.8301,B_B90 & V_B90 & FUV
1729.6467822398008,9661.546445795791,9998.753202182425,0.1935338268738077,10.104916956513833,1.0,True,1.2,0.5,-0.7,-0.7,1,0.02,0.47,25.0,2,0.02,10,0.8301,B_B90 & V_B90 & FUV
1863.8614050281324,2120.91403646036,3475.402720434986,3.6337230057692516e-06,10.396202604259443,1.0,True,2.3,0.5,-0.7,-0.7,1,0.004,2.5,5.0,2,0.02,10,0.8301,B_B90 & V_B90 & FUV
2250.6589159595324,8180.612270674132,4226.89704205801,0.005496232233921899,74.7541106857314,1.0,True,0.0,0.5,-0.7,-0.7,1,0.004,2.5,5.0,2,0.02,10,0.8301,B_B90 & V_B90 & FUV
1798.517653258348,5729.001071826716,5366.678788685607,0.15221478026818858,12.928209820673402,1.0,True,0.1,0.5,-0.7,-0.7,1,0.02,0.47,5.0,2,0.02,10,0.8301,B_B90 & V_B90 & FUV
1514.8705727473557,4655.439572501484,9999.007005044901,0.19297261554208942,10.005544645688715,1.0,True,3.3,0.5,-0.7,-0.7,1,0.004,0.47,5.0,2,0.02,10,0.8301,B_B90 & V_B90 & FUV
2966.393561996976,9954.272764268131,9503.944024281134,0.1869238207194247,27.127060700265588,1.0,True,0.8,0.5,-0.7,-0.7,1,0.02,0.47,25.0,2,0.02,10,0.8301,B_B90 & V_B90 & FUV
1791.1211280528053,4361.819653749259,9281.16524201116,0.17299278390731554,44.53601881767266,1.0,True,0.05,0.5,-0.7,-0.7,1,0.004,0.47,5.0,2,0.02,10,0.8301,B_B90 & V_B90 & FUV
1519.8922603038989,8905.179173663375,5016.275039480103,0.1308467448878969,58.07335061880214,1.0,True,0.1,0.5,-0.7,-0.7,1,0.004,0.47,10.0,2,0.02,10,0.8301,B_B90 & V_B90 & FUV
1604.309165977753,9315.34175508313,5896.650264887318,0.03513287247778615,14.84765496218806,1.0,True,2.3,0.5,-0.7,-0.7,1,0.004,2.5,10.0,2,0.02,10,0.8301,B_B90 & V_B90 & FUV
1898.0546906798995,6541.208069544666,6676.542010379373,0.11762105271191942,55.92246319946414,1.0,True,1.7,0.5,-0.7,-0.7,1,0.02,4.58,25.0,2,0.02,10,0.8301,B_B90 & V_B90 & FUV
2752.006589014102,6949.230267213954,6363.665694319841,0.07905632915168151,12.74941947010798,1.0,True,1.2,0.5,-0.7,-0.7,1,0.004,4.58,5.0,2,0.02,10,0.8301,B_B90 & V_B90 & FUV
2957.8999107836603,4698.06043096161,5370.21034374852,0.06989707692835989,15.020761257703569,1.0,True,0.8,0.5,-0.7,-0.7,1,0.02,4.58,25.0,2,0.02,10,0.8301,B_B90 & V_B90 & FUV
2834.4624620464965,5580.408988053472,5924.494797911669,0.19981524913665794,10.043021631538366,1.0,True,2.3,0.5,-0.7,-0.7,1,0.004,0.47,10.0,2,0.02,10,0.8301,B_B90 & V_B90 & FUV
2894.551270159252,5478.310680976035,9999.908944498486,0.009049378294904847,61.46400324182762,1.0,True,2.3,0.5,-0.7,-0.7,1,0.02,2.5,25.0,2,0.02,10,0.8301,B_B90 & V_B90 & FUV
2616.6768543295284,9840.546238302912,9317.224371163868,0.09725161537822571,10.017397782864094,1.0,True,2.3,0.5,-0.7,-0.7,1,0.004,2.5,25.0,2,0.02,10,0.8301,B_B90 & V_B90 & FUV
1585.2879742118923,2275.661601256773,9965.478560099777,0.08331229024081993,50.86148026573996,1.0,True,2.3,0.5,-0.7,-0.7,1,0.004,2.5,25.0,2,0.02,10,0.8301,B_B90 & V_B90 & FUV
2952.095877233296,9403.4002104478,7259.421390883035,0.15938243338367944,17.368042493645106,1.0,True,0.1,0.5,-0.7,-0.7,1,0.004,0.47,25.0,2,0.02,10,0.8301,B_B90 & V_B90 & FUV
2973.256403441429,1000.8354708281458,6001.104268476291,0.16909508994631095,44.50652796376765,1.0,True,3.8,0.5,-0.7,-0.7,1,0.004,0.47,25.0,2,0.02,10,0.8301,B_B90 & V_B90 & FUV
2988.7973670574966,9989.900115033219,8322.111574013123,0.085180189452884,92.42298220912647,1.0,True,0.3,0.5,-0.7,-0.7,1,0.004,2.5,25.0,2,0.02,10,0.8301,B_B90 & V_B90 & FUV
2898.786454660798,6136.309918869634,9931.77759585353,0.016912089054166357,17.578209335349285,1.0,True,0.1,0.5,-0.7,-0.7,1,0.02,2.5,5.0,2,0.02,10,0.8301,B_B90 & V_B90 & FUV
2639.367128429527,5999.488969272443,9819.327408729352,0.18977273455880642,10.031933385525633,1.0,True,1.7,0.5,-0.7,-0.7,1,0.004,4.58,5.0,2,0.02,10,0.8301,B_B90 & V_B90 & FUV
1502.387635042757,8857.43493885539,7308.339788255786,0.1641285313789398,10.221625057355752,1.0,True,3.8,0.5,-0.7,-0.7,1,0.004,0.47,25.0,2,0.02,10,0.8301,B_B90 & V_B90 & FUV
1500.4499575654993,9296.386946788185,9972.75043731965,0.016512076760729716,11.697727879299421,1.0,True,0.1,0.5,-0.7,-0.7,1,0.004,4.58,10.0,2,0.02,10,0.8301,B_B90 & V_B90 & FUV
1516.8377601168877,5569.74312683263,9999.867326920925,0.19749337216931323,10.002698377038769,1.0,True,0.05,0.5,-0.7,-0.7,1,0.02,4.58,5.0,2,0.02,10,0.8301,B_B90 & V_B90 & FUV
2272.085468557333,9742.247834326614,9999.562916494304,0.051655035608703576,24.997121668089946,1.0,True,0.0,0.5,-0.7,-0.7,1,0.004,0.47,5.0,2,0.02,10,0.8301,B_B90 & V_B90 & FUV
2971.297190912938,9801.533244686374,9778.652194765145,0.05497925747990115,10.00672591245565,1.0,True,0.8,0.5,-0.7,-0.7,1,0.02,0.47,25.0,2,0.02,10,0.8301,B_B90 & V_B90 & FUV
2559.8774785566284,1066.3865251944626,7454.31512312729,0.18911180561559823,10.051564352680927,1.0,True,3.8,0.5,-0.7,-0.7,1,0.02,2.5,10.0,2,0.02,10,0.8301,B_B90 & V_B90 & FUV
1781.199210656846,1238.2552002615448,4948.43292879714,5.8577665728865025e-06,18.239560012537822,1.0,True,3.8,0.5,-0.7,-0.7,1,0.004,2.5,5.0,2,0.02,10,0.8301,B_B90 & V_B90 & FUV
1755.4783639819696,9544.64803974333,1603.0028143807322,0.1322538032133848,11.724405050055736,1.0,True,2.3,0.5,-0.7,-0.7,1,0.02,0.47,5.0,2,0.02,10,0.8301,B_B90 & V_B90 & FUV
1507.7340477520625,6505.696689361832,2892.1113547580553,0.0023675758875639774,82.36274838236056,1.0,True,0.1,0.5,-0.7,-0.7,1,0.02,0.47,25.0,2,0.02,10,0.8301,B_B90 & V_B90 & FUV
2067.2388277753616,9994.002601532142,8107.711614170883,0.014842318101778634,99.0967788774459,1.0,True,0.8,0.5,-0.7,-0.7,1,0.02,4.58,5.0,2,0.02,10,0.8301,B_B90 & V_B90 & FUV
2882.169768300287,9955.042953707629,2085.2346992000903,0.04948224475110355,10.182738433484218,1.0,True,0.05,0.5,-0.7,-0.7,1,0.004,2.5,10.0,2,0.02,10,0.8301,B_B90 & V_B90 & FUV
1565.0462027194728,9162.97865100306,8130.62530091522,0.15968542458184912,10.035350577814043,1.0,True,1.2,0.5,-0.7,-0.7,1,0.004,4.58,5.0,2,0.02,10,0.8301,B_B90 & V_B90 & FUV
1740.1328560935754,1882.2356448660548,2673.179263907711,0.17010373162703896,78.80671715648847,1.0,True,3.8,0.5,-0.7,-0.7,1,0.004,0.47,25.0,2,0.02,10,0.8301,B_B90 & V_B90 & FUV
1766.84102970176,1138.0313936219845,5261.742070839395,0.1974778409038078,13.001926656712783,1.0,True,2.3,0.5,-0.7,-0.7,1,0.004,2.5,25.0,2,0.02,10,0.8301,B_B90 & V_B90 & FUV
2699.0103488220284,9997.251351710342,249.59438512955057,0.18923151399374494,10.089969076961324,1.0,True,0.8,0.5,-0.7,-0.7,1,0.004,2.5,10.0,2,0.02,10,0.8301,B_B90 & V_B90 & FUV
1510.711967699438,4391.764318134611,9824.264144209357,0.0062997859422094515,73.59328918126994,1.0,True,1.7,0.5,-0.7,-0.7,1,0.02,4.58,25.0,2,0.02,10,0.8301,B_B90 & V_B90 & FUV
2260.3673565453664,8123.48108516528,9028.18976699686,0.0811557983158848,98.21928482393527,1.0,True,1.2,0.5,-0.7,-0.7,1,0.02,4.58,5.0,2,0.02,10,0.8301,B_B90 & V_B90 & FUV
2803.272158856738,9773.374990958762,3799.039095381763,0.029821983097744698,37.47963992555736,1.0,True,1.7,0.5,-0.7,-0.7,1,0.004,2.5,25.0,2,0.02,10,0.8301,B_B90 & V_B90 & FUV
1693.5107668473406,7250.3151530222885,8721.277991493467,0.07042791913072308,19.932749551438192,1.0,True,0.0,0.5,-0.7,-0.7,1,0.02,2.5,5.0,2,0.02,10,0.8301,B_B90 & V_B90 & FUV
2943.084275921645,1985.037280747987,9990.698659351463,0.19857349783650952,83.94643573280294,1.0,True,1.7,0.5,-0.7,-0.7,1,0.02,4.58,5.0,2,0.02,10,0.8301,B_B90 & V_B90 & FUV
2235.3669083554505,1091.4055460782947,638.9804387541644,0.19228235563371676,32.615614152802095,1.0,True,1.2,0.5,-0.7,-0.7,1,0.02,0.47,25.0,2,0.02,10,0.8301,B_B90 & V_B90 & FUV
2972.1086003964892,9501.947862631008,132.8565615045718,0.14077026197624848,10.168667465975957,1.0,True,3.8,0.5,-0.7,-0.7,1,0.004,0.47,25.0,2,0.02,10,0.8301,B_B90 & V_B90 & FUV
1606.427730289792,9477.917211435248,9828.634060391083,0.12019180576534733,34.18122312334137,1.0,True,0.0,0.5,-0.7,-0.7,1,0.004,0.47,25.0,2,0.02,10,0.8301,B_B90 & V_B90 & FUV
1581.444437595984,8274.227795518138,1914.7998113817139,0.18197238947120176,26.506761127257818,1.0,True,0.3,0.5,-0.7,-0.7,1,0.02,0.47,5.0,2,0.02,10,0.8301,B_B90 & V_B90 & FUV
2927.078726095909,9996.242762482754,9865.765276312508,0.04895425381211743,10.057746450443105,1.0,True,3.3,0.5,-0.7,-0.7,1,0.004,2.5,5.0,2,0.02,10,0.8301,B_B90 & V_B90 & FUV
2359.7016600947304,4086.899234197529,8851.57954604518,0.16820605726875307,10.246404014674567,1.0,True,0.8,0.5,-0.7,-0.7,1,0.02,4.58,5.0,2,0.02,10,0.8301,B_B90 & V_B90 & FUV
1515.541610616654,1180.3064598422188,2118.4559050708785,0.153503574876237,60.89399807961303,1.0,True,3.8,0.5,-0.7,-0.7,1,0.02,0.47,5.0,2,0.02,10,0.8301,B_B90 & V_B90 & FUV
2996.364084317367,1013.9730051916704,9993.317894150929,0.10925599820920351,97.51989191317168,1.0,True,0.0,0.5,-0.7,-0.7,1,0.004,4.58,5.0,2,0.02,10,0.8301,B_B90 & V_B90 & FUV
1541.4457414752515,4535.941486509005,582.4860175185131,0.08537881427055663,11.745947654989607,1.0,True,0.0,0.5,-0.7,-0.7,1,0.004,2.5,5.0,2,0.02,10,0.8301,B_B90 & V_B90 & FUV
1876.0863438732742,1318.569482372799,5115.110236753476,0.012525170059132534,10.000603710704695,1.0,True,2.3,0.5,-0.7,-0.7,1,0.02,4.58,25.0,2,0.02,10,0.8301,B_B90 & V_B90 & FUV
2862.507893044758,9566.540068690438,724.8607437605424,0.0804796171624725,18.296369956974146,1.0,True,3.8,0.5,-0.7,-0.7,1,0.02,2.5,10.0,2,0.02,10,0.8301,B_B90 & V_B90 & FUV
1671.3003322317659,5421.838786584162,9996.361673750773,0.07909533775810317,86.55810998129553,1.0,True,0.0,0.5,-0.7,-0.7,1,0.004,4.58,5.0,2,0.02,10,0.8301,B_B90 & V_B90 & FUV
1737.6307462753302,4040.514904992181,5313.744253051766,0.1305666062253612,10.000324691982087,1.0,True,1.7,0.5,-0.7,-0.7,1,0.02,4.58,25.0,2,0.02,10,0.8301,B_B90 & V_B90 & FUV
1500.0578133957144,9997.838570282252,9268.687666720292,0.0005136728167712268,10.409253149060874,1.0,True,0.8,0.5,-0.7,-0.7,1,0.02,2.5,25.0,2,0.02,10,0.8301,B_B90 & V_B90 & FUV
2483.1881239134054,1392.0481183474585,9758.93548479815,0.18403310232202724,27.06231700047418,1.0,True,1.2,0.5,-0.7,-0.7,1,0.004,4.58,5.0,2,0.02,10,0.8301,B_B90 & V_B90 & FUV
1766.8068304791227,4159.009368293695,5655.14154873569,0.09256938518993714,35.95094664521048,1.0,True,2.3,0.5,-0.7,-0.7,1,0.004,2.5,25.0,2,0.02,10,0.8301,B_B90 & V_B90 & FUV
2597.9667164772345,6856.708008575037,5251.069997879241,0.18825293893373252,94.08509331829381,1.0,True,0.1,0.5,-0.7,-0.7,1,0.004,0.47,25.0,2,0.02,10,0.8301,B_B90 & V_B90 & FUV
2121.031990890059,5798.893194722376,8913.900090977622,0.17323824261976087,21.258272048201064,1.0,True,1.2,0.5,-0.7,-0.7,1,0.004,0.47,5.0,2,0.02,10,0.8301,B_B90 & V_B90 & FUV
2262.7531777162067,7245.199956950983,127.05997031701918,0.19991971204997006,92.20223997613344,1.0,True,1.7,0.5,-0.7,-0.7,1,0.02,0.47,10.0,2,0.02,10,0.8301,B_B90 & V_B90 & FUV
2385.3755895799422,2816.247665437698,9671.00562161893,0.197480127749179,36.188081684387306,1.0,True,0.05,0.5,-0.7,-0.7,1,0.004,0.47,5.0,2,0.02,10,0.8301,B_B90 & V_B90 & FUV
2398.0923320021493,9996.568512081143,4640.98293378528,0.13463115237516124,13.705837438931553,1.0,True,0.3,0.5,-0.7,-0.7,1,0.02,0.47,5.0,2,0.02,10,0.8301,B_B90 & V_B90 & FUV
1801.105348209468,9999.917900014068,7570.954976796169,0.1290907300432172,53.1782696441676,1.0,True,0.8,0.5,-0.7,-0.7,1,0.02,0.47,25.0,2,0.02,10,0.8301,B_B90 & V_B90 & FUV
1938.9376551167807,8520.761235862468,9681.03838463322,0.14562871282556225,74.54637769186186,1.0,True,0.0,0.5,-0.7,-0.7,1,0.004,2.5,5.0,2,0.02,10,0.8301,B_B90 & V_B90 & FUV
2114.5346669995297,9218.457384932128,8785.947509358844,0.19942521455219545,87.98585088568012,1.0,True,3.8,0.5,-0.7,-0.7,1,0.02,0.47,10.0,2,0.02,10,0.8301,B_B90 & V_B90 & FUV
1867.1236518438734,1330.0907319417838,7364.749714219326,0.0006693602051841552,13.00867629360313,1.0,True,0.0,0.5,-0.7,-0.7,1,0.02,4.58,10.0,2,0.02,10,0.8301,B_B90 & V_B90 & FUV
2468.0853944814176,1109.4934226097594,9781.979569804435,0.06555995487610328,20.26116443609385,1.0,True,0.05,0.5,-0.7,-0.7,1,0.004,0.47,10.0,2,0.02,10,0.8301,B_B90 & V_B90 & FUV
2999.967408934895,8277.516770856193,185.05302546908752,0.16932545239261776,56.44093084872818,1.0,True,1.7,0.5,-0.7,-0.7,1,0.02,4.58,25.0,2,0.02,10,0.8301,B_B90 & V_B90 & FUV
1862.4483291611887,9990.236773912004,3122.5895827487793,0.17472361582412935,84.87300024592787,1.0,True,0.0,0.5,-0.7,-0.7,1,0.02,2.5,10.0,2,0.02,10,0.8301,B_B90 & V_B90 & FUV
1637.2698988494988,1538.949783464208,511.39820530333054,0.0845253117759762,21.579141189810798,1.0,True,3.8,0.5,-0.7,-0.7,1,0.02,0.47,25.0,2,0.02,10,0.8301,B_B90 & V_B90 & FUV
2148.1222290846517,3567.7509754614257,9939.063898894708,0.047917694238898134,33.424121177518714,1.0,True,3.8,0.5,-0.7,-0.7,1,0.02,0.47,25.0,2,0.02,10,0.8301,B_B90 & V_B90 & FUV
1653.861702080715,6734.3172892232005,9894.548731599034,0.12194070619152422,25.376742474960324,1.0,True,0.8,0.5,-0.7,-0.7,1,0.004,4.58,10.0,2,0.02,10,0.8301,B_B90 & V_B90 & FUV
2170.4625081363633,3522.0622263779596,1376.5602915527543,0.1999604531284786,59.00286216203837,1.0,True,1.2,0.5,-0.7,-0.7,1,0.004,2.5,5.0,2,0.02,10,0.8301,B_B90 & V_B90 & FUV
2294.415528508889,2496.638002749961,9046.40576313441,0.19670216508763183,99.99657165160127,1.0,True,3.3,0.5,-0.7,-0.7,1,0.02,4.58,10.0,2,0.02,10,0.8301,B_B90 & V_B90 & FUV
1688.4503331758085,2206.119318749542,2377.337082301181,0.199991882398441,82.32696836526641,1.0,True,0.1,0.5,-0.7,-0.7,1,0.02,2.5,25.0,2,0.02,10,0.8301,B_B90 & V_B90 & FUV
2572.6118899538305,9684.944539663747,9321.428043231721,0.028366227297628166,74.45878250817591,1.0,True,0.8,0.5,-0.7,-0.7,1,0.02,0.47,25.0,2,0.02,10,0.8301,B_B90 & V_B90 & FUV
1542.2450559316715,7484.643123353115,3166.972234237992,0.19362703339620627,10.057824298137376,1.0,True,3.3,0.5,-0.7,-0.7,1,0.02,2.5,5.0,2,0.02,10,0.8301,B_B90 & V_B90 & FUV
2036.9490537389138,1515.1273479737793,9944.095979659305,0.18964186824572676,15.248012071493733,1.0,True,0.3,0.5,-0.7,-0.7,1,0.02,4.58,25.0,2,0.02,10,0.8301,B_B90 & V_B90 & FUV
1824.5751758807655,8283.910510940115,947.146523971709,0.11257454841712254,13.513181131859653,1.0,True,3.8,0.5,-0.7,-0.7,1,0.02,2.5,5.0,2,0.02,10,0.8301,B_B90 & V_B90 & FUV
2036.7651477341196,9411.862155081262,443.09267171751344,0.003537645090787689,43.51791461273012,1.0,True,1.7,0.5,-0.7,-0.7,1,0.004,0.47,5.0,2,0.02,10,0.8301,B_B90 & V_B90 & FUV
1501.0838233850734,2230.8930290093977,6944.619796930212,0.15707592115563546,35.40669909802067,1.0,True,2.3,0.5,-0.7,-0.7,1,0.004,4.58,25.0,2,0.02,10,0.8301,B_B90 & V_B90 & FUV
1501.4309790753584,1100.9556213728374,7272.953013106207,0.17973604867942466,52.85004823411425,1.0,True,1.7,0.5,-0.7,-0.7,1,0.004,0.47,10.0,2,0.02,10,0.8301,B_B90 & V_B90 & FUV
2582.0843118733537,8460.56726148216,6822.416134831703,0.0033135199975607432,10.112332284036896,1.0,True,2.3,0.5,-0.7,-0.7,1,0.004,2.5,25.0,2,0.02,10,0.8301,B_B90 & V_B90 & FUV
2999.718939343947,2417.870772736438,9999.983297414095,0.030773631327916773,30.151169223689436,1.0,True,3.3,0.5,-0.7,-0.7,1,0.004,4.58,25.0,2,0.02,10,0.8301,B_B90 & V_B90 & FUV
1500.584330681181,1526.8236497848502,9934.528606408236,0.19959011545212257,24.815951375092823,1.0,True,3.8,0.5,-0.7,-0.7,1,0.02,2.5,5.0,2,0.02,10,0.8301,B_B90 & V_B90 & FUV
2091.2694469292483,5218.761613569768,8831.854230194951,0.19202390935790725,20.440406265053383,1.0,True,0.1,0.5,-0.7,-0.7,1,0.02,2.5,10.0,2,0.02,10,0.8301,B_B90 & V_B90 & FUV
2767.934299181356,5941.568872622986,9979.901466017456,0.0012229876048388544,76.9225978241798,1.0,True,3.8,0.5,-0.7,-0.7,1,0.02,0.47,5.0,2,0.02,10,0.8301,B_B90 & V_B90 & FUV
1730.0234628420342,4129.146035910706,6150.31498762587,0.14127592639426872,55.22338373779542,1.0,True,3.3,0.5,-0.7,-0.7,1,0.004,2.5,25.0,2,0.02,10,0.8301,B_B90 & V_B90 & FUV
2577.3938813990776,8437.996367847647,256.27156499625744,0.1664186786852592,12.346087255523571,1.0,True,1.2,0.5,-0.7,-0.7,1,0.02,2.5,5.0,2,0.02,10,0.8301,B_B90 & V_B90 & FUV
1735.8176542188762,1417.3968594172402,4909.644753548025,0.19895148638407784,98.3213250864005,1.0,True,0.8,0.5,-0.7,-0.7,1,0.02,2.5,5.0,2,0.02,10,0.8301,B_B90 & V_B90 & FUV
2999.536639983266,8426.225547047517,5163.749867155671,3.794826240743898e-06,10.001803694402497,1.0,True,0.8,0.5,-0.7,-0.7,1,0.02,0.47,25.0,2,0.02,10,0.8301,B_B90 & V_B90 & FUV
1519.8536802409071,8765.688508385778,1777.4192991663895,0.11808324800767395,94.11210011452484,1.0,True,1.7,0.5,-0.7,-0.7,1,0.02,0.47,25.0,2,0.02,10,0.8301,B_B90 & V_B90 & FUV
1504.7975273457257,5998.1831483463375,225.02125710904147,0.05146366067921332,56.65165778635214,1.0,True,2.3,0.5,-0.7,-0.7,1,0.004,4.58,25.0,2,0.02,10,0.8301,B_B90 & V_B90 & FUV
2993.5948481556165,1833.421286761186,1096.180021415572,0.12015783106059691,10.375889456597818,1.0,True,1.7,0.5,-0.7,-0.7,1,0.004,2.5,5.0,2,0.02,10,0.8301,B_B90 & V_B90 & FUV
2394.1041545715434,5523.546806696431,9096.282675752398,0.07251163168983413,52.14020716129876,1.0,True,0.1,0.5,-0.7,-0.7,1,0.004,4.58,25.0,2,0.02,10,0.8301,B_B90 & V_B90 & FUV
2813.170200399894,9643.560094689183,7082.193257743747,0.17845418003647934,93.41137601432061,1.0,True,1.2,0.5,-0.7,-0.7,1,0.02,0.47,10.0,2,0.02,10,0.8301,B_B90 & V_B90 & FUV
2750.3972339136244,2624.935841647738,5881.417996319387,0.053668164341948654,21.770909333949874,1.0,True,1.2,0.5,-0.7,-0.7,1,0.02,2.5,10.0,2,0.02,10,0.8301,B_B90 & V_B90 & FUV
2928.240163856581,1603.4498466588939,9866.136518231473,0.1866171331299271,67.18253176575122,1.0,True,0.1,0.5,-0.7,-0.7,1,0.004,2.5,5.0,2,0.02,10,0.8301,B_B90 & V_B90 & FUV
2781.3209888567712,1094.2204265294786,4970.834644049618,0.0504876111389542,10.178559375933574,1.0,True,0.3,0.5,-0.7,-0.7,1,0.02,2.5,25.0,2,0.02,10,0.8301,B_B90 & V_B90 & FUV
2976.460543256217,2782.785382183877,8636.642246671578,0.09142858718652219,17.32982030986608,1.0,True,1.2,0.5,-0.7,-0.7,1,0.02,2.5,10.0,2,0.02,10,0.8301,B_B90 & V_B90 & FUV
2997.028891888718,1014.0129454184389,9617.05657514135,0.10979850947061438,15.003003058505925,1.0,True,3.3,0.5,-0.7,-0.7,1,0.004,0.47,25.0,2,0.02,10,0.8301,B_B90 & V_B90 & FUV
2411.1277214020174,8877.375115622297,7315.247345207553,0.13896189711249696,29.49142308307249,1.0,True,0.3,0.5,-0.7,-0.7,1,0.02,4.58,10.0,2,0.02,10,0.8301,B_B90 & V_B90 & FUV
2603.424739087951,1215.1968164874124,348.05168357866023,0.000890852323021829,11.337551875161012,1.0,True,0.1,0.5,-0.7,-0.7,1,0.004,4.58,25.0,2,0.02,10,0.8301,B_B90 & V_B90 & FUV
1762.2151392183137,9715.38330776363,7308.027481482515,0.07214406993168423,99.72185716550003,1.0,True,0.0,0.5,-0.7,-0.7,1,0.004,0.47,10.0,2,0.02,10,0.8301,B_B90 & V_B90 & FUV
1501.5564200594035,3271.581574722195,9904.1473110453,0.19751875139211347,18.84653371186016,1.0,True,1.7,0.5,-0.7,-0.7,1,0.004,0.47,5.0,2,0.02,10,0.8301,B_B90 & V_B90 & FUV
1968.2014929018717,1007.9703251588708,9909.223675239942,0.14138238070162423,35.78396950439328,1.0,True,2.3,0.5,-0.7,-0.7,1,0.004,0.47,25.0,2,0.02,10,0.8301,B_B90 & V_B90 & FUV
2758.8636616794715,7171.6999291968805,153.7449196923244,0.02861402155028908,23.582150630563177,1.0,True,0.05,0.5,-0.7,-0.7,1,0.02,4.58,10.0,2,0.02,10,0.8301,B_B90 & V_B90 & FUV
1962.6480221253112,1057.4385967317958,9802.009253810704,0.19608741669142868,41.39424588155825,1.0,True,1.7,0.5,-0.7,-0.7,1,0.02,4.58,10.0,2,0.02,10,0.8301,B_B90 & V_B90 & FUV
1621.318594602061,1000.0136667135466,8856.140199260426,0.19826646346396093,18.168081898292996,1.0,True,3.8,0.5,-0.7,-0.7,1,0.02,0.47,10.0,2,0.02,10,0.8301,B_B90 & V_B90 & FUV
2500.55587290101,1016.1586122036788,7454.185008777646,0.06774081153678044,49.42538187027039,1.0,True,1.7,0.5,-0.7,-0.7,1,0.02,0.47,25.0,2,0.02,10,0.8301,B_B90 & V_B90 & FUV
2167.674223555032,9227.29602961163,9166.119811430604,0.19155462024933875,19.23986455678765,1.0,True,1.7,0.5,-0.7,-0.7,1,0.02,4.58,10.0,2,0.02,10,0.8301,B_B90 & V_B90 & FUV
2618.999422739414,9201.94421236953,5263.005353646895,0.08302559061123836,10.520295857776404,1.0,True,0.0,0.5,-0.7,-0.7,1,0.004,0.47,10.0,2,0.02,10,0.8301,B_B90 & V_B90 & FUV
2600.131162662399,5825.511645500353,9867.854156846755,0.08270474267285793,15.35870471210859,1.0,True,3.8,0.5,-0.7,-0.7,1,0.02,4.58,10.0,2,0.02,10,0.8301,B_B90 & V_B90 & FUV
2800.0603388307613,3749.0747389857006,6230.007951192477,0.1383287997240028,25.20670696424108,1.0,True,0.8,0.5,-0.7,-0.7,1,0.004,0.47,10.0,2,0.02,10,0.8301,B_B90 & V_B90 & FUV
1520.1355484612425,9258.6640137,9228.201380029375,0.0031449413806517446,18.27845398424894,1.0,True,1.2,0.5,-0.7,-0.7,1,0.02,0.47,25.0,2,0.02,10,0.8301,B_B90 & V_B90 & FUV
2931.0677253683452,1809.6095786174556,6211.497506195854,0.022492340584107484,11.039643119276292,1.0,True,2.3,0.5,-0.7,-0.7,1,0.004,2.5,25.0,2,0.02,10,0.8301,B_B90 & V_B90 & FUV
2879.1322689624303,2384.8861469122494,4439.031791846543,0.19300304034971102,25.20685461882786,1.0,True,0.8,0.5,-0.7,-0.7,1,0.004,4.58,10.0,2,0.02,10,0.8301,B_B90 & V_B90 & FUV
2998.6175063820524,2238.2401936035685,6916.152819308994,0.17704897910268752,10.834520663769439,1.0,True,1.2,0.5,-0.7,-0.7,1,0.02,2.5,5.0,2,0.02,10,0.8301,B_B90 & V_B90 & FUV
1590.924411065649,8219.397794990731,1541.744882726147,0.12721893990245173,72.19812482383632,1.0,True,3.3,0.5,-0.7,-0.7,1,0.02,2.5,25.0,2,0.02,10,0.8301,B_B90 & V_B90 & FUV
1536.7964827340497,2460.670072036909,9955.525458486703,0.18928261804708219,23.323476509034464,1.0,True,0.1,0.5,-0.7,-0.7,1,0.02,2.5,5.0,2,0.02,10,0.8301,B_B90 & V_B90 & FUV
1948.621728812132,1039.716145961207,5644.745886748216,0.19881165542436363,59.55656721334106,1.0,True,0.05,0.5,-0.7,-0.7,1,0.02,4.58,10.0,2,0.02,10,0.8301,B_B90 & V_B90 & FUV
1500.2026386966054,1000.1463205876807,6604.989624440093,0.0391630435037649,14.65447395531271,1.0,True,0.3,0.5,-0.7,-0.7,1,0.02,0.47,25.0,2,0.02,10,0.8301,B_B90 & V_B90 & FUV
1525.9540441226209,1202.7502259194061,6888.103475273736,0.006139112175047257,14.965949175709639,1.0,True,1.2,0.5,-0.7,-0.7,1,0.004,4.58,25.0,2,0.02,10,0.8301,B_B90 & V_B90 & FUV
2724.7322220550204,1139.8729110592794,3379.1809721750524,0.1778531953513582,10.0924165067387,1.0,True,1.7,0.5,-0.7,-0.7,1,0.004,2.5,25.0,2,0.02,10,0.8301,B_B90 & V_B90 & FUV
1803.8851522271495,3006.480677071868,5487.759854666491,0.010881120299014307,22.64453661309794,1.0,True,3.3,0.5,-0.7,-0.7,1,0.02,4.58,10.0,2,0.02,10,0.8301,B_B90 & V_B90 & FUV
2645.78622887819,7694.322487911721,9999.9882241387,0.18712170632550376,56.47562184380221,1.0,True,0.3,0.5,-0.7,-0.7,1,0.004,2.5,10.0,2,0.02,10,0.8301,B_B90 & V_B90 & FUV
1502.1420216837002,9777.973409009544,8957.055873089497,0.19972499820526693,55.1161733453882,1.0,True,0.1,0.5,-0.7,-0.7,1,0.02,2.5,25.0,2,0.02,10,0.8301,B_B90 & V_B90 & FUV
1500.0166458966596,9914.561074227178,9075.152837766003,0.19991524493202917,16.899789243941598,1.0,True,0.8,0.5,-0.7,-0.7,1,0.004,2.5,10.0,2,0.02,10,0.8301,B_B90 & V_B90 & FUV
1606.585752257253,9821.91752731794,2426.041240329392,0.005992060886880646,10.446311813484286,1.0,True,0.05,0.5,-0.7,-0.7,1,0.02,2.5,5.0,2,0.02,10,0.8301,B_B90 & V_B90 & FUV
2069.1332643853875,9477.259208877622,279.0703133706156,0.16254745736340995,56.962547292127375,1.0,True,0.1,0.5,-0.7,-0.7,1,0.02,0.47,5.0,2,0.02,10,0.8301,B_B90 & V_B90 & FUV
1672.1451838440912,3907.513807822348,9872.176639669673,0.17180748252550126,33.934635022906605,1.0,True,0.0,0.5,-0.7,-0.7,1,0.004,4.58,5.0,2,0.02,10,0.8301,B_B90 & V_B90 & FUV
1524.249859219714,2059.9267996829876,1374.4047384790174,0.1798618422370858,78.40375573993396,1.0,True,0.0,0.5,-0.7,-0.7,1,0.004,2.5,5.0,2,0.02,10,0.8301,B_B90 & V_B90 & FUV
1588.314508991866,4222.954478379874,8542.51269121971,0.018206594814863974,76.31566955441397,1.0,True,0.1,0.5,-0.7,-0.7,1,0.02,0.47,5.0,2,0.02,10,0.8301,B_B90 & V_B90 & FUV
2017.3897134971483,3545.0491757423215,5772.918256845507,0.04288589238531251,10.00055447819787,1.0,True,0.3,0.5,-0.7,-0.7,1,0.02,4.58,5.0,2,0.02,10,0.8301,B_B90 & V_B90 & FUV
2999.21521335705,6077.945794464449,7376.462785801542,0.15449347395026958,58.38965904083086,1.0,True,3.8,0.5,-0.7,-0.7,1,0.004,0.47,5.0,2,0.02,10,0.8301,B_B90 & V_B90 & FUV
2999.565874045148,6515.484419597782,6238.212599154008,0.02883270381845285,32.62124651690122,1.0,True,0.8,0.5,-0.7,-0.7,1,0.02,4.58,10.0,2,0.02,10,0.8301,B_B90 & V_B90 & FUV
2021.5906503454044,2863.7640763670297,5699.091004351304,0.1991038824610986,13.270617895547517,1.0,True,0.05,0.5,-0.7,-0.7,1,0.004,2.5,10.0,2,0.02,10,0.8301,B_B90 & V_B90 & FUV
2830.9415545195734,5761.282509666056,8388.465290009897,0.15638065380800942,62.25753751732523,1.0,True,0.05,0.5,-0.7,-0.7,1,0.004,2.5,10.0,2,0.02,10,0.8301,B_B90 & V_B90 & FUV
1568.4111671513926,1925.703607621037,9653.708317388391,0.17833533174819344,26.32997359210937,1.0,True,0.1,0.5,-0.7,-0.7,1,0.004,2.5,25.0,2,0.02,10,0.8301,B_B90 & V_B90 & FUV
2723.985029261041,7742.861383734995,7700.004125913085,0.13938941352392545,34.5267168551715,1.0,True,3.8,0.5,-0.7,-0.7,1,0.004,2.5,5.0,2,0.02,10,0.8301,B_B90 & V_B90 & FUV
1524.0918213468385,2996.4043029261375,9925.763260797186,0.07478184980525976,90.93585753654486,1.0,True,0.3,0.5,-0.7,-0.7,1,0.004,2.5,5.0,2,0.02,10,0.8301,B_B90 & V_B90 & FUV
1528.7569843175,4034.498199908142,9817.269140522354,0.1678895801473707,15.693689888481032,1.0,True,3.8,0.5,-0.7,-0.7,1,0.004,4.58,10.0,2,0.02,10,0.8301,B_B90 & V_B90 & FUV
2999.9577727670076,3474.4256337854204,5472.123141390931,0.007526359177309677,95.22874313877576,1.0,True,0.0,0.5,-0.7,-0.7,1,0.02,2.5,10.0,2,0.02,10,0.8301,B_B90 & V_B90 & FUV
2999.8276279407155,4139.391096147318,5656.9429731635455,0.1878925492859869,28.911101195455373,1.0,True,3.3,0.5,-0.7,-0.7,1,0.004,2.5,5.0,2,0.02,10,0.8301,B_B90 & V_B90 & FUV
2136.799343070497,1142.5248132410325,2768.8297198579503,0.1977053791545139,67.29336635306618,1.0,True,0.8,0.5,-0.7,-0.7,1,0.004,4.58,5.0,2,0.02,10,0.8301,B_B90 & V_B90 & FUV
2996.04947226686,1010.8934124794014,9851.648607230405,0.16814828209216381,59.34465741163737,1.0,True,3.3,0.5,-0.7,-0.7,1,0.004,0.47,5.0,2,0.02,10,0.8301,B_B90 & V_B90 & FUV
1595.9640889108503,8135.888900615437,473.55116478546734,0.19972925961260962,98.64427638685173,1.0,True,2.3,0.5,-0.7,-0.7,1,0.004,4.58,10.0,2,0.02,10,0.8301,B_B90 & V_B90 & FUV
2891.125856904837,1000.0593444393089,9999.830523600216,0.08156078662460349,29.938857979805178,1.0,True,0.1,0.5,-0.7,-0.7,1,0.004,0.47,10.0,2,0.02,10,0.8301,B_B90 & V_B90 & FUV
2365.888988900321,1000.4329947168317,9687.360387417337,0.07633577478093878,27.0293604636569,1.0,True,0.3,0.5,-0.7,-0.7,1,0.004,2.5,10.0,2,0.02,10,0.8301,B_B90 & V_B90 & FUV
2809.264403336302,6545.007246734138,6230.445327662543,0.17237972632397341,46.01539330061551,1.0,True,2.3,0.5,-0.7,-0.7,1,0.004,2.5,25.0,2,0.02,10,0.8301,B_B90 & V_B90 & FUV
2962.3835259759694,6545.725438068236,4988.27494565036,0.18374884465792501,13.606499276941477,1.0,True,0.1,0.5,-0.7,-0.7,1,0.02,2.5,10.0,2,0.02,10,0.8301,B_B90 & V_B90 & FUV
1685.0872195648024,1303.9105797966895,1302.8600103245808,0.020856666661126788,10.748826757742279,1.0,True,1.7,0.5,-0.7,-0.7,1,0.004,2.5,25.0,2,0.02,10,0.8301,B_B90 & V_B90 & FUV
2631.006925780369,9981.278797676798,9989.876663515757,0.155877732625824,14.482076466414881,1.0,True,1.2,0.5,-0.7,-0.7,1,0.02,4.58,10.0,2,0.02,10,0.8301,B_B90 & V_B90 & FUV
1606.931723585552,6636.203899324108,3672.1413832713415,0.13058891528809793,20.723408654022123,1.0,True,0.3,0.5,-0.7,-0.7,1,0.02,0.47,25.0,2,0.02,10,0.8301,B_B90 & V_B90 & FUV
1818.8982890037419,1078.201105183256,9779.561803723192,0.1709075847486761,10.002746293950068,1.0,True,1.7,0.5,-0.7,-0.7,1,0.02,0.47,25.0,2,0.02,10,0.8301,B_B90 & V_B90 & FUV
2999.260552378498,1004.7776667622311,9624.866825598374,0.09311926217121824,10.402828296048853,1.0,True,3.8,0.5,-0.7,-0.7,1,0.004,2.5,5.0,2,0.02,10,0.8301,B_B90 & V_B90 & FUV
1501.9840207900463,3445.663186968338,168.37059999018675,0.1989574038347306,93.124859135721,1.0,True,3.8,0.5,-0.7,-0.7,1,0.004,0.47,5.0,2,0.02,10,0.8301,B_B90 & V_B90 & FUV
2327.962676354489,9643.739892148134,9742.009371478951,0.18765911966306642,13.707848225717541,1.0,True,1.2,0.5,-0.7,-0.7,1,0.004,4.58,25.0,2,0.02,10,0.8301,B_B90 & V_B90 & FUV
2204.975667578645,4026.873821121221,3685.742038483344,0.1611520829074125,10.004602010776452,1.0,True,2.3,0.5,-0.7,-0.7,1,0.004,4.58,10.0,2,0.02,10,0.8301,B_B90 & V_B90 & FUV
2322.2427446725933,1003.813261464722,6502.299838877363,0.0632641692812552,99.99977882750679,1.0,True,0.3,0.5,-0.7,-0.7,1,0.004,4.58,25.0,2,0.02,10,0.8301,B_B90 & V_B90 & FUV
2828.4672239552133,2057.20203492979,9651.969479199031,0.07785964659471643,97.69832466515135,1.0,True,0.1,0.5,-0.7,-0.7,1,0.02,4.58,10.0,2,0.02,10,0.8301,B_B90 & V_B90 & FUV
2868.4649032964608,9626.295983500087,8198.48960216947,0.03556112118597349,10.023545822042806,1.0,True,1.7,0.5,-0.7,-0.7,1,0.004,2.5,10.0,2,0.02,10,0.8301,B_B90 & V_B90 & FUV
1519.922640700303,1106.3430924312197,6137.64777101444,0.19962174134354047,10.000916324626672,1.0,True,0.1,0.5,-0.7,-0.7,1,0.004,4.58,5.0,2,0.02,10,0.8301,B_B90 & V_B90 & FUV
1728.09211340342,1970.5764496317988,7094.592286887475,0.007263405418465013,90.0723829285044,1.0,True,0.1,0.5,-0.7,-0.7,1,0.02,0.47,5.0,2,0.02,10,0.8301,B_B90 & V_B90 & FUV
2735.4175567731977,9990.437998847,9982.395953856696,0.0005033011930111742,21.53328204223226,1.0,True,2.3,0.5,-0.7,-0.7,1,0.02,2.5,10.0,2,0.02,10,0.8301,B_B90 & V_B90 & FUV
2931.017849670656,2714.2913704403727,1864.8447775987242,0.1133722231154045,10.915925576270553,1.0,True,3.3,0.5,-0.7,-0.7,1,0.004,0.47,25.0,2,0.02,10,0.8301,B_B90 & V_B90 & FUV
2985.39598255769,1026.1150023857736,206.04123466327292,0.19957330494678546,12.014869344510416,1.0,True,1.2,0.5,-0.7,-0.7,1,0.004,0.47,10.0,2,0.02,10,0.8301,B_B90 & V_B90 & FUV
1640.2018711496116,1563.9359865430688,7264.844154369323,0.1991975429015038,42.139529866931746,1.0,True,0.0,0.5,-0.7,-0.7,1,0.02,4.58,25.0,2,0.02,10,0.8301,B_B90 & V_B90 & FUV
2248.233562031432,1000.0009635355327,9981.834364087481,0.009896535746269669,12.906083912591512,1.0,True,2.3,0.5,-0.7,-0.7,1,0.02,4.58,5.0,2,0.02,10,0.8301,B_B90 & V_B90 & FUV
2999.547778842801,1171.4945713147627,9107.999678769835,0.008726456350316658,30.429639441809158,1.0,True,2.3,0.5,-0.7,-0.7,1,0.004,4.58,25.0,2,0.02,10,0.8301,B_B90 & V_B90 & FUV
1590.426190966631,8556.089737228442,6735.237837032356,0.09537451448213974,64.82036349155342,1.0,True,3.8,0.5,-0.7,-0.7,1,0.02,2.5,10.0,2,0.02,10,0.8301,B_B90 & V_B90 & FUV
2603.302560123752,4851.0290340918855,1873.0746778316334,0.15789092268249233,25.80836988196124,1.0,True,1.2,0.5,-0.7,-0.7,1,0.02,0.47,25.0,2,0.02,10,0.8301,B_B90 & V_B90 & FUV
1567.988183644711,1372.4779213763413,7108.80206736613,0.1962940251704253,29.79853145165059,1.0,True,1.2,0.5,-0.7,-0.7,1,0.004,0.47,25.0,2,0.02,10,0.8301,B_B90 & V_B90 & FUV
1871.334886860764,1000.6268785924312,9999.993384830841,0.1740180424648679,58.07547505862267,1.0,True,2.3,0.5,-0.7,-0.7,1,0.02,0.47,10.0,2,0.02,10,0.8301,B_B90 & V_B90 & FUV
2912.1986036793455,9865.102958937094,2338.86784255798,0.04390550630919013,12.231853388303435,1.0,True,1.2,0.5,-0.7,-0.7,1,0.004,0.47,5.0,2,0.02,10,0.8301,B_B90 & V_B90 & FUV
2600.8977009240994,5862.036767693707,9940.8859267126,0.07903673999300494,76.28258830752719,1.0,True,0.1,0.5,-0.7,-0.7,1,0.004,0.47,10.0,2,0.02,10,0.8301,B_B90 & V_B90 & FUV
1754.4341581415447,8648.873895083676,444.5478950876168,0.14690347508730572,51.243374296450384,1.0,True,3.3,0.5,-0.7,-0.7,1,0.004,2.5,5.0,2,0.02,10,0.8301,B_B90 & V_B90 & FUV
2807.1839508115836,1017.6163401441881,5543.018811231004,0.00020173989532712433,10.271884058078385,1.0,True,1.7,0.5,-0.7,-0.7,1,0.004,0.47,25.0,2,0.02,10,0.8301,B_B90 & V_B90 & FUV
2935.3431257921216,3280.434609238264,7184.88756282386,0.109241824133091,10.064099884236597,1.0,True,0.1,0.5,-0.7,-0.7,1,0.004,0.47,10.0,2,0.02,10,0.8301,B_B90 & V_B90 & FUV
2679.523819899016,7697.488975842408,4002.672616212505,0.06655361702249715,60.66538241936942,1.0,True,3.8,0.5,-0.7,-0.7,1,0.02,4.58,5.0,2,0.02,10,0.8301,B_B90 & V_B90 & FUV
2999.397448270207,1000.0791255920922,637.978847960967,0.19433652771256885,34.17885571621888,1.0,True,3.3,0.5,-0.7,-0.7,1,0.004,0.47,10.0,2,0.02,10,0.8301,B_B90 & V_B90 & FUV
2415.491133217175,1277.4992142273677,9095.00280288653,0.17559643695525062,32.97369140446324,1.0,True,0.3,0.5,-0.7,-0.7,1,0.004,2.5,10.0,2,0.02,10,0.8301,B_B90 & V_B90 & FUV
2950.773966471245,1062.3773857186334,4163.266791348698,0.19695980566071974,16.667403366699773,1.0,True,0.0,0.5,-0.7,-0.7,1,0.02,0.47,25.0,2,0.02,10,0.8301,B_B90 & V_B90 & FUV
2864.713382505804,2316.9659505435347,9999.916997373926,0.16141108444803848,10.080123594390372,1.0,True,3.8,0.5,-0.7,-0.7,1,0.004,4.58,5.0,2,0.02,10,0.8301,B_B90 & V_B90 & FUV
2971.7482460689876,4804.184530600317,998.2351373201964,0.0012192159705778916,11.29048146030054,1.0,True,0.05,0.5,-0.7,-0.7,1,0.004,0.47,5.0,2,0.02,10,0.8301,B_B90 & V_B90 & FUV
1510.344405870104,1020.2680911376883,9999.290701750662,0.06020526314812877,19.100909892884715,1.0,True,0.3,0.5,-0.7,-0.7,1,0.02,0.47,25.0,2,0.02,10,0.8301,B_B90 & V_B90 & FUV
2967.712690928799,9854.141604861965,2847.1505572586693,0.148805530629436,22.291269892833967,1.0,True,0.05,0.5,-0.7,-0.7,1,0.004,4.58,5.0,2,0.02,10,0.8301,B_B90 & V_B90 & FUV
1794.5089557290648,1000.7053613623048,9748.140900253826,0.17150323378618498,44.14337547528526,1.0,True,3.3,0.5,-0.7,-0.7,1,0.004,0.47,25.0,2,0.02,10,0.8301,B_B90 & V_B90 & FUV
2873.7568424331944,1000.2602730714589,2048.7937241540376,0.04976749179759157,12.804498300576128,1.0,True,0.3,0.5,-0.7,-0.7,1,0.004,0.47,10.0,2,0.02,10,0.8301,B_B90 & V_B90 & FUV
2489.165764963336,9993.437862696823,118.97710887307221,0.16658272231578705,10.818426165542405,1.0,True,0.1,0.5,-0.7,-0.7,1,0.004,0.47,25.0,2,0.02,10,0.8301,B_B90 & V_B90 & FUV
1590.660441573694,3452.468936489993,118.32497344891453,0.013629162814858042,66.34913875163619,1.0,True,0.8,0.5,-0.7,-0.7,1,0.004,2.5,10.0,2,0.02,10,0.8301,B_B90 & V_B90 & FUV
1623.4044328946518,1016.49874194728,7999.87295756292,0.046190510838291704,34.66722902245169,1.0,True,3.8,0.5,-0.7,-0.7,1,0.02,2.5,5.0,2,0.02,10,0.8301,B_B90 & V_B90 & FUV
